证券代码,证券名称,总持仓,可变持仓,参考市值,现价,涨幅,当日盈亏,日期
2261,拓维信息,3000,0,85140.0,28.38,10.00%,-20.0,2025-04-17
2584,西陇科学,9000,0,81360.0,9.04,9.98%,-20.0,2025-04-17
2261,拓维信息,0,0,0.0,29.28,3.17%,2368.6,2025-04-18
2177,御银股份,17200,0,80496.0,4.68,10.12%,-20.17,2025-04-18
2583,海能达,7000,0,82320.0,11.76,10.01%,-20.46,2025-04-18
2584,西陇科学,0,0,0.0,9.06,0.22%,2877.65,2025-04-18
2987,京北方,4200,0,79086.0,18.83,5.97%,-3044.0,2025-04-18
2277,友阿股份,14000,0,80220.0,5.73,9.98%,-20.32,2025-04-18
600053,九鼎投资,2900,0,40861.0,14.09,9.99%,-10.68,2025-04-18
601010,文峰股份,11900,0,40222.0,3.38,10.10%,-10.0,2025-04-18
600308,华泰股份,22000,0,80300.0,3.65,9.94%,0.0,2025-04-21
2177,御银股份,0,0,0.0,4.94,5.56%,-645.0,2025-04-21
2277,友阿股份,0,0,0.0,5.96,4.01%,2030.0,2025-04-21
2583,海能达,0,0,0.0,12.94,10.03%,5811.0,2025-04-21
2987,京北方,0,0,0.0,19.75,4.89%,-910.0,2025-04-21
600053,九鼎投资,0,0,0.0,14.21,0.85%,-518.0,2025-04-21
601010,文峰股份,0,0,0.0,3.41,0.89%,176.0,2025-04-21
600308,华泰股份,15000,15000,60300.0,4.02,10.14%,8140.0,2025-04-22
3029,吉大正元,1900,0,42028.0,22.12,10.00%,0.0,2025-04-22
957,中通客车,7200,0,81864.0,11.37,9.96%,0.0,2025-04-22
2510,天汽模,13400,0,78658.0,5.87,6.53%,-2546.0,2025-04-22
600790,轻纺城,21200,0,80136.0,3.78,9.88%,0.0,2025-04-22
600876,凯盛新能,8200,0,80852.0,9.86,10.04%,0.0,2025-04-22
600308,华泰股份,0,0,0.0,3.85,-4.23%,-1812.0,2025-04-23
3029,吉大正元,0,0,0.0,22.18,0.27%,2682.0,2025-04-23
2510,天汽模,0,0,0.0,5.98,1.87%,-197.0,2025-04-23
957,中通客车,0,0,0.0,11.41,0.35%,1084.0,2025-04-23
600876,凯盛新能,0,0,0.0,9.57,-2.94%,-1642.0,2025-04-23
2313,日海智能,4400,0,40436.0,9.19,10.06%,0.0,2025-04-23
601177,杭齿前进,4400,0,80388.0,18.27,9.99%,0.0,2025-04-23
3021,兆威机电,400,0,50156.0,125.39,10.00%,0.0,2025-04-23
600790,轻纺城,6100,6100,25376.0,4.16,10.05%,7372.0,2025-04-23
2313,日海智能,0,0,0.0,8.69,-5.44,-1282.88,2025-04-24
2821,凯莱英,600,0,44262.0,73.77,10.01,-10.0,2025-04-24
3021,兆威机电,0,0,0.0,125.32,-0.06,1008.4,2025-04-24
600310,广西能源,14673,0,74392.11,5.07,9.98,-15.0,2025-04-24
600744,华银电力,20800,0,80080.0,3.85,10.0,-20.0,2025-04-24
600790,轻纺城,0,0,0.0,3.88,-6.73,-1291.06,2025-04-24
601177,杭齿前进,0,0,0.0,18.54,1.48,3247.94,2025-04-24
600726,华电能源,32000,0,80000.0,2.5,10.13%,-20.72,2025-04-25
600771,广誉远,4400,0,83160.0,18.9,10.01%,-20.0,2025-04-25
600744,华银电力,15600,15600,66144.0,4.24,10.13%,8095.98,2025-04-25
600053,九鼎投资,5600,0,78176.0,13.96,5.44%,-3380.0,2025-04-25
600310,广西能源,0,0,0.0,5.34,5.33%,-459.21,2025-04-25
2354,天娱数科,6800,0,40528.0,5.96,9.96%,-10.0,2025-04-25
1298,好上好,3000,0,80460.0,26.82,10.01%,-20.0,2025-04-25
2261,拓维信息,300,0,9129.0,30.43,10.01%,-5.0,2025-04-25
2821,凯莱英,0,0,0.0,74.47,0.95%,38.83,2025-04-25
2285,世联行,30800,0,77308.0,2.51,5.91%,-3100.0,2025-04-25
2285,世联行,0,0,0.0,2.26,-9.96%,-1757.94,2025-04-28
600053,九鼎投资,0,0,0.0,13.26,-5.01%,-2013.23,2025-04-28
1298,好上好,0,0,0.0,27.15,1.23%,369.55,2025-04-28
2261,拓维信息,0,0,0.0,31.4,3.19%,251.31,2025-04-28
600771,广誉远,0,0,0.0,18.97,0.37%,1101.12,2025-04-28
600744,华银电力,3900,3900,18174.0,4.66,9.91%,6516.02,2025-04-28
600726,华电能源,0,0,0.0,2.75,10.00%,5369.28,2025-04-28
2354,天娱数科,0,0,0.0,6.56,10.07%,639.55,2025-04-28
603533,掌阅科技,4000,0,79480.0,19.87,5.24%,-3620.0,2025-04-28
2009,天奇股份,5600,0,80472.0,14.37,10.03%,-20.0,2025-04-29
2048,宁波华翔,5000,0,80300.0,16.06,10.00%,-20.0,2025-04-29
3037,三和管桩,11600,0,80156.0,6.91,10.03%,-20.0,2025-04-29
600744,华银电力,0,0,0.0,4.91,5.36%,602.6,2025-04-29
603533,掌阅科技,0,0,0.0,19.12,-3.77%,-593.47,2025-04-29
981,山子高科,21400,0,38092.0,1.78,4.71%,-1936.00,2025-04-30
3037,三和管桩,0,0,0.0,6.7,-3.04%,-698.76,2025-04-30
2048,宁波华翔,0,0,0.0,16.7,3.99%,-790.79,2025-04-30
2009,天奇股份,0,0,0.0,15.04,4.66%,2654.40,2025-04-30
600986,浙文互联,10000,0,80200.0,8.02,10.01%,-20.00,2025-04-30
158,常山北明,1800,0,40608.0,22.56,10.00%,-10.05,2025-04-30
2315,焦点科技,1000,0,42300.0,42.3,8.94%,-420.00,2025-04-30
600336,澳柯玛,6000,0,39780.0,6.63,7.98%,-730.00,2025-04-30
2422,科伦药业,1200,0,43452.0,36.21,9.99%,-182.3,2025-04-30
603893,瑞芯微,300,0,51141.0,170.47,10.00%,-10.46,2025-04-30
158,常山北明,0,0,0.0,24.82,10.02%,1348.29,2025-05-06
981,山子高科,0,0,0.0,1.89,6.18%,119.87,2025-05-06
2618,焦点科技,0,0,0.0,43.32,2.41%,-11.25,2025-05-06
2422,科伦药业,0,0,0.0,35.75,-1.27%,-222.84,2025-05-06
600336,澳柯玛,0,0,0.0,7.0,5.58%,779.71,2025-05-06
603893,瑞芯微,0,0,0.0,172.12,0.97%,462.18,2025-05-06
600986,浙文互联,0,0,0.0,8.4,4.74%,3166.22,2025-05-06
600611,大众交通,12600,0,77616.0,6.16,6.76%,-2414.0,2025-05-06
600053,九鼎投资,5600,0,80304.0,14.34,9.97%,-20.0,2025-05-06
2195,岩山科技,14200,0,80514.0,5.67,10.10%,-20.0,2025-05-06
2440,闰土股份,10600,0,81196.0,7.66,10.06%,-20.0,2025-05-06
600392,盛和资源,7000,0,81480.0,11.64,10.02%,-20.0,2025-05-06
2106,莱宝高科,3900,0,40638.0,10.42,10.03%,-10.0,2025-05-06
600392,盛和资源,0,0,0.0,11.83,1.63%,2143.8,2025-05-07
2106,莱宝高科,0,0,0.0,10.99,5.47%,2503.4,2025-05-07
2195,岩山科技,0,0,0.0,5.89,3.88%,4421.5,2025-05-07
2110,闰土股份,0,0,0.0,7.53,-1.70%,2230.25,2025-05-07
600053,九鼎投资,0,0,0.0,15.04,4.88%,6371.62,2025-05-07
600611,大众交通,0,0,0.0,6.78,10.06%,1067.12,2025-05-07
422,湖北宜化,9900,0,121968.0,12.32,10.00%,-30.0,2025-05-07
2683,广东宏大,2400,0,78600.0,32.75,7.17%,-2108.0,2025-05-07
1696,宗申动力,3400,0,81362.0,23.93,10.02%,-20.0,2025-05-07
600855,航天长峰,6800,0,82076.0,12.07,10.03%,-20.04,2025-05-07
600967,内蒙一机,9300,0,117924.0,12.68,7.28%,-3006.0,2025-05-07
2173,创新医疗,3800,0,38418.0,10.11,4.98%,-1834.0,2025-05-07
422,湖北宜化,0,0,0.0,12.0,-2.60%,-1986.72,2025-05-08
1696,宗申动力,0,0,0.0,24.77,3.51%,18.28,2025-05-08
300173,创新医疗,0,0,0.0,10.02,-0.89%,599.47,2025-05-08
2683,广东宏大,0,0,0.0,32.02,-2.23%,-3023.82,2025-05-08
600967,内蒙一机,0,0,0.0,12.79,0.87%,1287.35,2025-05-08
600855,航天长峰,6800,6800,90304.0,13.28,10.02%,8228.0,2025-05-08
2519,银河电子,20400,0,100572.0,4.93,10.04%,-22.46,2025-05-08
2520,日发精机,22200,0,148074.0,6.67,7.75%,-3138.9,2025-05-08
600679,上海凤凰,10800,0,150336.0,13.92,10.04%,-30.57,2025-05-08
559,万向钱潮,19800,0,151866.0,7.67,10.04%,-31.04,2025-05-08
2130,沃尔核材,7200,0,152712.0,21.21,10.01%,-31.2,2025-05-08
559,万向钱潮,0,0,0.0,8.44,10.04%,10881.65,2025-05-09
2130,沃尔核材,0,0,0.0,20.2,-4.76%,-4185.77,2025-05-09
2519,银河电子,0,0,0.0,4.77,-3.25%,1097.37,2025-05-09
2520,日发精机,0,0,0.0,6.48,-2.85%,-625.37,2025-05-09
600679,上海凤凰,0,0,0.0,13.2,-5.17%,-4783.73,2025-05-09
600184,光电股份,10400,0,151736.0,14.59,2.46%,-11168.0,2025-05-09
2074,国轩高科,1800,0,41850.0,23.25,9.15%,-334.25,2025-05-09
603038,华立股份,6100,0,96380.0,15.8,6.11%,-3563.0,2025-05-09
26,飞亚达,14000,0,162680.0,11.62,10.04%,-40.23,2025-05-09
576,甘化科工,18800,0,162996.0,8.67,10.03%,-40.0,2025-05-09
600855,航天长峰,0,0,0.0,14.19,6.85%,8661.48,2025-05-09
2892,科力尔,4600,0,82662.0,17.97,9.98%,-20.0,2025-05-12
603038,华立股份,0,0,0.0,15.34,-2.91%,-2257.1,2025-05-12
600184,光电股份,0,0,0.0,16.05,10.01%,1366.39,2025-05-12
2074,国轩高科,0,0,0.0,24.14,3.83%,1718.2,2025-05-12
576,甘化科工,0,0,0.0,8.9,2.65%,-5589.81,2025-05-12
26,飞亚达,0,0,0.0,12.14,4.48%,7288.93,2025-05-12
2094,青岛金王,17100,0,139365.0,8.15,9.99%,-35.0,2025-05-13
2892,科力尔,0,0,0.0,18.28,1.73%,6000.5,2025-05-13
600879,航天电子,16000,0,154880.0,9.68,6.14%,-5640.43,2025-05-13
600879,航天电子,0,0,0.0,9.26,-4.34%,-3283.09,2025-05-14
601236,红塔证券,19200,0,160320.0,8.35,10.01%,-40.0,2025-05-14
2094,青岛金王,0,0,0.0,8.97,10.06%,1748.24,2025-05-14
2961,瑞达期货,10000,0,165700.0,16.57,10.03%,-40.0,2025-05-14
603803,瑞斯康达,15600,0,162864.0,10.44,10.01%,-40.0,2025-05-14
2361,神剑股份,23600,0,154108.0,6.53,5.49%,-6648.0,2025-05-15
603969,银龙股份,2347,0,15959.6,6.8,-0.44%,-1671.37,2025-05-15
603803,瑞斯康达,0,0,0.0,10.04,-3.83%,3656.1,2025-05-15
601236,红塔证券,0,0,0.0,8.38,0.36%,5410.55,2025-05-15
2961,瑞达期货,0,0,0.0,16.51,-0.36%,1889.32,2025-05-15
2361,神剑股份,0,0,0.0,6.5,0.46%,2734.0,2025-05-16
756,新华制药,10400,0,162760.0,15.65,9.98%,0,2025-05-16
603969,银龙股份,0,0,0.0,7.12,4.71%,-1103.09,2025-05-16
600699,均胜电子,8800,0,163592.0,18.59,10.00%,0,2025-05-16
600550,保变电气,18800,0,160740.0,8.55,10.04%,0.0,2025-05-19
2465,海格通信,14000,0,160720.0,11.48,9.96%,0.0,2025-05-19
601798,蓝科高新,5100,0,39372.0,7.72,7.07%,-1071.0,2025-05-19
756,新华制药,0,0,0.0,16.43,4.98%,7788.0,2025-05-19
300699,均胜电子,0,0,0.0,19.44,4.57%,2767.0,2025-05-19
2465,海格通信,0,0,0.0,11.6,1.05%,2873.0,2025-05-20
600550,保变电气,0,0,0.0,9.41,10.06%,11515.0,2025-05-20
601798,蓝科高新,0,0,0.0,7.83,1.42%,564.0,2025-05-20
600006,东风股份,2200,0,17226.0,7.83,9.97%,0.0,2025-05-20
2882,金龙羽,2700,0,51354.0,19.02,10.01%,0.0,2025-05-20
600986,浙文互联,16800,0,150864.0,8.98,10.05%,0.0,2025-05-20
2727,一心堂,9600,0,150048.0,15.63,9.99%,0.0,2025-05-20
2929,润建股份,3200,0,165632.0,51.76,8.58%,-2176.0,2025-05-20
603607,京华激光,8800,0,200376.0,22.77,10.00%,0.0,2025-05-20
2123,梦网科技,12800,0,203520.0,15.9,10.03%,0.0,2025-05-20
600860,京城股份,7600,0,98268.0,12.93,5.98%,-3724.0,2025-05-20
600860,京城股份,0,0,0.0,12.41,-4.02%,-1881.0,2025-05-21
603607,京华激光,0,0,0.0,21.88,-3.91%,-8073.0,2025-05-21
300986,浙文互联,0,0,0.0,8.68,-3.34%,-2844.0,2025-05-21
600006,东风股份,0,0,0.0,7.62,-2.68%,-462.0,2025-05-21
2929,润建股份,0,0,0.0,51.38,-0.73%,4683.0,2025-05-21
2727,一心堂,9600,9600,165024.0,17.19,9.98%,14976.0,2025-05-21
2882,金龙羽,1100,1100,23012.0,20.92,9.99%,2152.0,2025-05-21
2580,圣阳股份,11100,0,151182.0,13.62,10.02%,0.0,2025-05-21
603768,常青股份,15200,0,205048.0,13.49,10.03%,0.0,2025-05-21
2123,梦网科技,0,0,0.0,16.16,1.64%,4007.0,2025-05-21
2882,金龙羽,0,0,0.0,21.22,1.43%,2299.0,2025-05-22
2727,一心堂,0,0,0.0,17.28,0.52%,20.0,2025-05-22
603768,常青股份,0,0,0.0,12.99,-3.71%,-2960.0,2025-05-22
2580,圣阳股份,0,0,0.0,13.63,0.07%,5471.0,2025-05-22
600081,东风科技,3200,0,49088.0,15.34,5.57%,-2048.0,2025-05-22
2023,海特高新,2200,0,23694.0,10.77,10.01%,0.0,2025-05-22
2045,国光电器,12400,0,200508.0,16.17,10.00%,0.0,2025-05-22
1207,联科科技,2100,0,50505.0,24.05,7.22%,-1312.53,2025-05-23
2023,海特高新,0,0,0.0,10.37,-3.71%,-543.59,2025-05-23
2045,国光电器,0,0,0.0,15.93,-1.48%,1885.67,2025-05-23
600081,东风科技,0,0,0.0,15.39,0.33%,636.12,2025-05-23
300609,北特科技,2200,0,103818.0,47.19,10.00%,-22.08,2025-05-23
603232,格尔软件,14000,0,201600.0,14.4,10.01%,-42.44,2025-05-23
1207,联科科技,0,0,0.0,23.08,-4.03%,-899.82,2025-05-26
603009,北特科技,0,0,0.0,46.51,-1.44%,-632.63,2025-05-26
603232,格尔软件,0,0,0.0,14.29,-0.76%,-774.56,2025-05-26
600756,浪潮软件,13200,0,203016.0,15.38,10.01%,-41.73,2025-05-26
603258,电魂网络,9600,0,199392.0,20.77,7.56%,-4554.43,2025-05-26
600756,浪潮软件,0,0,0.0,15.66,1.82%,739.05,2025-05-27
605179,一鸣食品,6600,0,143814.0,21.79,4.16%,-8083.41,2025-05-27
600258,电魂网络,0,0,0.0,20.4,-1.78%,-2217.66,2025-05-27
600189,泉阳泉,25200,0,202608.0,8.04,9.99%,-41.71,2025-05-27
603599,广信股份,17200,0,203992.0,11.86,10.02%,-41.77,2025-05-27
600172,黄河旋风,46000,0,200560.0,4.36,10.10%,-42.46,2025-05-27
2224,三力士,20000,0,96600.0,4.83,5.46%,-4222.02,2025-05-27
600678,四川金顶,23600,0,200600.0,8.5,9.96%,-42.41,2025-05-28
605179,一鸣食品,0,0,0.0,22.1,1.42%,-1768.75,2025-05-28
603599,广信股份,0,0,0.0,11.56,-2.53%,5006.41,2025-05-28
600189,泉阳泉,0,0,0.0,8.04,0.00%,-1506.61,2025-05-28
600172,黄河旋风,0,0,0.0,4.44,1.83%,6366.31,2025-05-28
2224,三力士,0,0,0.0,4.52,-6.42%,-5515.58,2025-05-28
778,四川金顶,0,0,0.0,9.35,10.00%,13723.79,2025-05-29
2055,得润电子,39600,0,2506688.0,6.33,10.09%,-47.65,2025-05-29
603477,巨星农牧,5800,0,126730.0,21.85,10.02%,-20.84,2025-05-30
2173,创新医疗,5400,0,62748.0,11.62,10.04%,-11.32,2025-05-30
2055,得润电子,0,0,0.0,6.07,-4.11%,-4637.01,2025-05-30
2389,航天彩虹,8400,0,192780.0,22.95,5.76%,-7760.08,2025-06-03
2558,巨人网络,12600,0,194544.0,15.44,6.93%,-5576.01,2025-06-03
2173,创新医疗,0,0,0.0,12.28,5.68%,3678.0,2025-06-03
603477,巨星农牧,0,0,0.0,21.68,-0.78%,-356.0,2025-06-03
2558,巨人网络,0,0,0.0,15.64,1.30%,5695.00,2025-06-04
2389,航天彩虹,0,0,0.0,23.37,1.83%,2374.00,2025-06-04
2275,桂林三金,9761,0,157542.54,16.14,10.02%,0,2025-06-04
888,峨眉山A,16500,0,250470.0,15.18,10.00%,0,2025-06-04
888,峨眉山A,0,0,0.0,14.63,-3.62,-5287.0,2025-06-05
2075,桂林三金,0,0,0.0,15.76,-2.35,-5341.72,2025-06-05
815,美利云,18400,0,250056.0,13.59,10.04%,-40.01,2025-06-06
2391,长青股份,40400,0,250076.0,6.19,9.95%,-40.01,2025-06-06
837,高争民爆,7900,0,245137.0,31.03,6.56%,-7940.49,2025-06-06
2827,高争民爆,0,0,0.0,32.26,3.96%,847.48,2025-06-09
815,美利云,0,0,0.0,13.5,-0.66%,1396.60,2025-06-09
795,英洛华,22500,0,250200.0,11.12,9.99%,-40.03,2025-06-09
2391,长青股份,0,0,0.0,6.81,10.02%,21818.43,2025-06-09
600353,旭光电子,23100,0,250404.0,10.84,10.05%,-40.06,2025-06-09
600158,中体产业,26900,0,242638.0,9.02,6.49%,-8110.11,2025-06-09
2161,远望谷,34400,0,250432.0,7.28,9.97%,-40.07,2025-06-10
2632,道明光学,27000,0,242730.0,8.99,6.52%,-7870.09,2025-06-10
2363,隆基机械,30800,0,241780.0,7.85,6.08%,-8975.29,2025-06-10
600353,旭光电子,16300,16300,194296.0,11.92,9.96%,24461.15,2025-06-10
600158,中体产业,0,0,0.0,8.85,-1.88%,2461.18,2025-06-10
795,英洛华,0,0,0.0,11.45,2.97%,1293.70,2025-06-10
600353,旭光电子,0,0,0.0,12.53,5.12%,1423.98,2025-06-11
2161,远望谷,0,0,0.0,7.24,-0.55%,5488.64,2025-06-11
2363,隆基机械,0,0,0.0,7.71,-1.78%,1582.91,2025-06-11
2632,道明光学,0,0,0.0,8.8,-2.11%,-3683.06,2025-06-11
948,南天信息,12000,0,251040.0,20.92,9.99%,-40.17,2025-06-11
600732,爱旭股份,20300,0,246036.0,12.12,7.93%,-4709.11,2025-06-11
2556,辉隆股份,36900,0,250551.0,6.79,10.05%,-40.09,2025-06-11
603722,阿科力,5900,0,252638.0,42.82,9.99%,-40.42,2025-06-11
601089,福元医药,13700,0,241805.0,17.65,6.01%,-9219.16,2025-06-11
603015,弘讯科技,0,0,0.0,13.08,-1.80%,957.78,2025-06-12
554,泰山石油,35000,0,250250.0,7.15,10.00%,-40.04,2025-06-12
2583,海能达,20000,0,250200.0,12.51,10.03%,-40.03,2025-06-12
600367,红星发展,17200,0,250948.0,14.59,10.03%,-40.15,2025-06-12
603988,中电电机,9800,0,250488.0,25.56,9.98%,-40.08,2025-06-12
2583,海能达,0,0,0.0,12.63,0.96%,852.37,2025-06-16
554,泰山石油,35000,35000,275450.0,7.87,10.07%,25200.0,2025-06-16
605398,新炬网络,8400,0,251160.0,29.9,10.01%,-40.19,2025-06-16
603988,中电电机,0,0,0.0,28.12,10.02%,16121.98,2025-06-16
600367,红星发展,0,0,0.0,15.1,3.50%,10248.31,2025-06-16
605398,新炬网络,0,0,0.0,30.6,2.34%,9657.00,2025-06-17
554,泰山石油,0,0,0.0,8.15,3.56%,-9464.00,2025-06-17
2676,顺威股份,131100,0,811509.0,6.19,9.95%,-129.84,2025-06-18
2579,中京电子,60000,0,540600.0,9.01,10.01%,-86.98,2025-06-18
1314,亿道信息,10400,0,523016.0,50.29,4.99%,-25047.68,2025-06-18
603119,浙江荣泰股份,4500,0,194445.0,43.21,6.80%,-5882.05,2025-06-18
1314,亿道信息,0,0,0.0,47.35,-5.85%,-14286.0,2025-06-19
2676,顺威股份,0,0,0.0,6.23,0.65%,22227.0,2025-06-19
603119,浙江荣泰股份,0,0,0.0,42.38,-1.92%,2482.0,2025-06-19
603969,银龙股份,33700,0,235226.0,6.98,-4.38%,-35385.0,2025-06-19
2240,盛新锂能,21900,0,270246.0,12.34,9.98%,0.0,2025-06-19
2268,电科网安,15200,0,271016.0,17.83,9.99%,0.0,2025-06-19
603533,掌阅科技,12300,0,271338.0,22.06,10.02%,0.0,2025-06-19
2579,中京电子,30000,30000,297300.0,9.91,9.99%,54000.0,2025-06-19
2125,湘潭电化,24200,0,270314.0,11.17,10.05%,0.0,2025-06-19
603533,掌阅科技,0,0,0.0,21.2,-3.90%,5215.0,2025-06-20
2240,盛新锂能,0,0,0.0,12.26,-0.65%,5723.0,2025-06-20
2268,电科网安,0,0,0.0,17.13,-3.93%,-6551.0,2025-06-20
603969,银龙股份,0,0,0.0,6.51,-6.73%,-8020.0,2025-06-20
2579,中京电子,0,0,0.0,10.9,9.99%,29700.0,2025-06-20
603209,兴通股份,16500,0,271095.0,16.43,9.97%,0,2025-06-20
2125,湘潭电化,24200,24200,297418.0,12.29,10.03%,27104.0,2025-06-20
2272,川润股份,24500,0,270480.0,11.04,9.96%,0,2025-06-20
547,航天发展,34000,0,270640.0,7.96,9.94%,-43.30,2025-06-23
603209,兴通股份,0,0,0.0,18.07,9.98%,22062.39,2025-06-23
2272,川润股份,0,0,0.0,11.05,0.09%,189.08,2025-06-23
2125,湘潭电化,0,0,0.0,13.52,10.01%,24214.91,2025-06-23
695,湘财股份,30900,0,280881.0,9.09,10.05,-44.94,2025-06-24
603920,世运电路,9500,0,280630.0,29.54,10.02,-44.9,2025-06-24
2453,华软科技,46900,0,280462.0,5.98,9.93,-44.87,2025-06-24
2530,金财互联,25700,0,271135.0,10.55,6.46,-9039.82,2025-06-24
2148,北纬科技,37800,0,271026.0,7.17,6.38,-9116.82,2025-06-24
547,航天发展,0,0,0.0,7.8,-2.01,-5723.04,2025-06-24
2670,国盛金控,21300,0,280308.0,13.16,10.03,-44.85,2025-06-24
601519,大智慧,26600,0,280098.0,10.53,10.03%,-44.82,2025-06-25
603920,世运电路,0,0,0.0,29.91,1.25%,245.97,2025-06-25
2453,华软科技,0,0,0.0,5.98,0.00%,-1152.92,2025-06-25
2530,金财互联,0,0,0.0,10.95,3.79%,2564.15,2025-06-25
600095,湘财股份,0,0,0.0,10.0,10.01%,19970.03,2025-06-25
2148,北纬科技,0,0,0.0,7.09,-1.12%,-2787.15,2025-06-25
2820,桂发祥,23500,0,280120.0,11.92,9.96%,-47.53,2025-06-25
601162,天风证券,62300,0,280350.0,4.5,10.02%,-44.86,2025-06-25
519,中兵红箭,14600,0,280612.0,19.22,10.02%,-44.90,2025-06-25
3009,中天火箭,6000,0,280980.0,46.83,10.01%,-44.96,2025-06-25
600391,航发科技,10300,0,282117.0,27.39,10.00%,-45.14,2025-06-25
2670,国盛金控,19800,19800,286704.0,14.48,10.03%,27380.58,2025-06-25
2670,国盛金控,19800,19800,315414.0,15.93,10.01%,28710.0,2025-06-26
300708,景旺电子,8000,0,280960.0,35.12,9.99%,0,2025-06-26
2609,捷顺科技,23400,0,280332.0,11.98,10.01%,0,2025-06-26
603232,格尔软件,16100,0,280140.0,17.4,9.99%,0,2025-06-26
600391,航发科技,0,0,0.0,28.02,2.30%,4086.0,2025-06-26
519,中兵红箭,0,0,0.0,19.79,2.97%,17620.0,2025-06-26
2820,桂发祥,0,0,0.0,12.08,1.34%,-6805.0,2025-06-26
601162,天风证券,0,0,0.0,4.69,4.22%,15772.0,2025-06-26
601519,大智慧,0,0,0.0,10.51,-0.19%,2032.0,2025-06-26
3009,中天火箭,0,0,0.0,47.66,1.77%,13148.0,2025-06-26
2609,捷顺科技,0,0,0.0,11.38,-5.01%,2574.0,2025-06-27
2670,国盛金控,0,0,0.0,16.01,0.50%,1811.0,2025-06-27
603228,景旺电子,0,0,0.0,38.04,8.31%,3470.0,2025-06-27
603232,格尔软件,0,0,0.0,17.21,-1.09%,12399.0,2025-06-27
600589,大位科技,33700,0,271622.0,8.06,6.61%,-8762.0,2025-06-27
2467,二六三,43700,0,280117.0,6.41,9.95%,0.0,2025-06-27
700,模塑科技,36100,0,280136.0,7.76,10.07%,0.0,2025-06-27
600152,维科技术,40500,0,280260.0,6.92,10.02%,0.0,2025-06-27
2185,华天科技,28200,0,280872.0,9.96,10.06%,0.0,2025-06-27
700,模塑科技,0,0,0.0,7.85,1.16%,5404.0,2025-06-30
2185,华天科技,0,0,0.0,10.1,1.41%,3887.0,2025-06-30
2467,二六三,0,0,0.0,6.47,0.94%,-2551.0,2025-06-30
600589,大位科技,0,0,0.0,7.95,-1.36%,1234.0,2025-06-30
600152,维科技术,0,0,0.0,7.61,9.97%,25995.0,2025-06-30
603613,国联股份,12300,0,291387.0,23.69,9.98%,0.0,2025-06-30
2517,恺英网络,15100,0,291581.0,19.31,10.03%,0.0,2025-06-30
2658,雪迪龙,37100,0,290493.0,7.83,9.97%,0.0,2025-06-30
603613,国联股份,0,0,0.0,23.38,-1.31%,5075.32,2025-07-01
603936,博敏电子,34800,0,360876.0,10.37,9.97%,-57.74,2025-07-01
600105,永鼎股份,40500,0,350730.0,8.66,7.05%,-9777.67,2025-07-01
2658,雪迪龙,35000,35000,301350.0,8.61,9.96%,28923.96,2025-07-01
2517,恺英网络,0,0,0.0,19.98,3.47%,9065.92,2025-07-01
600105,永鼎股份,0,0,0.0,8.52,-1.62%,635.0,2025-07-02
603936,博敏电子,0,0,0.0,9.46,-8.78%,-27446.0,2025-07-02
2658,雪迪龙,19800,19800,187506.0,9.47,9.99%,30013.0,2025-07-02
2206,海利得,64400,0,370300.0,5.75,9.94%,0.0,2025-07-02
600320,振华重工,76500,0,370260.0,4.84,10.00%,0.0,2025-07-02
2981,朝阳科技,12900,0,371391.0,28.79,10.01%,0,2025-07-03
605277,新亚电子,20100,0,371046.0,18.46,10.01%,0,2025-07-03
2636,金安国纪,35900,0,370129.0,10.31,10.03%,0,2025-07-03
2658,雪迪龙,9900,9900,103158.0,10.42,10.03%,18810.0,2025-07-03
300116,海利得,0,0,0.0,5.85,1.74%,7444.0,2025-07-03
600320,振华重工,0,0,0.0,4.7,-2.89%,1862.0,2025-07-03
605277,新亚电子,0,0,0.0,18.92,2.49,14520.91,2025-07-04
2636,金安国纪,35900,35800,407108.0,11.34,9.99,36977.0,2025-07-04
2658,雪迪龙,0,0,0.0,9.72,-6.72,-2044.24,2025-07-04
2981,朝阳科技,0,0,0.0,28.63,-0.56,13566.76,2025-07-04
926,金安国纪,0,0,0.0,12.47,9.96%,32106.0,2025-07-07
823,超声电子,28300,0,370164.0,13.08,10.01%,-61.51,2025-07-08
2865,钧达股份,8700,0,371403.0,42.69,10.00%,-59.42,2025-07-08
1389,广合科技,5700,0,371583.0,65.19,10.01%,-59.45,2025-07-08
603185,弘元绿能,22600,0,370414.0,16.39,10.00%,-59.27,2025-07-08
1389,广合科技,0,0,0.0,66.18,1.52%,6906.00,2025-07-09
603185,弘元绿能,0,0,0.0,17.55,7.08%,19790.00,2025-07-09
603305,钧达股份,0,0,0.0,43.28,1.38%,5443.00,2025-07-09
2927,泰永长征,20100,0,316575.0,15.75,5.14%,-14673.00,2025-07-09
600523,贵航股份,21300,0,318861.0,14.97,6.02%,-11928.00,2025-07-09
600821,金开新能,55300,0,330141.0,5.97,9.94%,0,2025-07-09
823,超声电子,28300,28300,366485.0,12.95,-0.99%,-3679.00,2025-07-09
600592,龙溪股份,14200,0,317086.0,22.33,5.43%,-13774.00,2025-07-09
600821,金开新能,0,0,0.0,5.78,-3.18%,-9060.05,2025-07-10
600592,龙溪股份,0,0,0.0,20.72,-7.21%,-21107.47,2025-07-10
600523,贵航股份,0,0,0.0,14.84,-0.87%,-4999.29,2025-07-10
2927,泰永长征,0,0,0.0,15.75,0.00%,2690.67,2025-07-10
823,超声电子,0,0,0.0,12.68,-2.08%,-6605.68,2025-07-10
600860,京城股份,25900,0,320124.0,12.36,6.37%,-10930.96,2025-07-10
2674,兴业科技,30500,0,330925.0,10.85,10.04%,-52.95,2025-07-10
600233,圆通速递,23700,0,331089.0,13.97,10.00%,-52.97,2025-07-10
601696,中银证券,27900,0,330615.0,11.85,10.03%,-52.90,2025-07-10
2674,兴业科技,0,0,0.0,10.46,-3.59%,-488.23,2025-07-11
600860,京城股份,0,0,0.0,11.99,-2.99%,-11996.56,2025-07-11
600233,圆通速递,0,0,0.0,13.72,-1.79%,-2041.31,2025-07-11
600173,卧龙新能,37000,0,253820.0,6.86,9.94%,-40.61,2025-07-11
601696,中银证券,14000,14000,182560.0,13.04,10.04%,33081.37,2025-07-11
601375,中原证券,68900,0,320385.0,4.65,9.93%,-51.26,2025-07-11
756,新华制药,18200,0,309218.0,16.99,5.79%,-12427.46,2025-07-11
2821,凯莱英,3300,0,321750.0,97.5,10.00%,-51.48,2025-07-11
831,中国稀土,7900,0,321767.0,40.73,9.99%,-51.48,2025-07-11
601696,中银证券,0,0,0.0,12.83,-1.61%,7376.56,2025-07-14
601375,中原证券,0,0,0.0,4.4,-5.38%,-16736.54,2025-07-14
600173,卧龙新能,0,0,0.0,7.55,10.06%,25345.63,2025-07-14
2821,凯莱英,0,0,0.0,97.0,-0.51%,-2546.81,2025-07-14
756,新华制药,0,0,0.0,17.01,0.12%,1087.06,2025-07-14
601609,金田股份,39800,0,320788.0,8.06,9.96%,-51.33,2025-07-14
2915,中欣氟材,17100,0,321309.0,18.79,10.01%,-51.41,2025-07-14
831,中国稀土,0,0,0.0,39.09,-4.03%,-6090.48,2025-07-14
2901,大博医疗,4800,0,199728.0,41.61,9.99%,-31.96,2025-07-15
2953,南方精工,4500,0,108900.0,24.2,2.85%,-7578.63,2025-07-15
601609,金田股份,19900,19900,168951.0,8.49,5.33%,18394.57,2025-07-15
601512,中新集团,38800,0,320100.0,8.25,10.00%,-51.22,2025-07-15
2915,中欣氟材,0,0,0.0,19.72,4.95%,11846.76,2025-07-15
600588,用友网络,22200,0,320568.0,14.44,9.98%,-51.29,2025-07-15
603039,泛微网络,5400,0,320868.0,59.42,10.00%,-51.34,2025-07-15
603171,税友股份,7400,0,322196.0,43.54,10.01%,-51.55,2025-07-15
1287,中电港,15800,0,320108.0,20.26,9.99%,-51.22,2025-07-15
2901,大博医疗,0,0,0.0,41.11,-1.20%,-6535.59,2025-07-16
603171,税友股份,0,0,0.0,45.65,4.85%,6219.10,2025-07-16
601609,金田股份,0,0,0.0,7.97,-6.12%,-6573.24,2025-07-16
688139,泛微网络,0,0,0.0,62.5,5.18%,11374.58,2025-07-16
600588,用友网络,0,0,0.0,14.4,-0.28%,1619.22,2025-07-16
2553,南方精工,0,0,0.0,25.16,3.97%,1716.33,2025-07-16
603006,联明股份,24000,0,304560.0,12.69,4.44%,-16371.34,2025-07-16
601512,中新集团,19400,19400,176152.0,9.08,10.06%,31893.87,2025-07-16
2037,保利联合,32000,0,308480.0,9.64,5.70%,-12532.82,2025-07-16
603985,恒润股份,18800,0,308508.0,16.41,5.53%,-13211.47,2025-07-16
603103,横店影视,17700,0,321078.0,18.14,10.01%,-51.37,2025-07-16
605133,嵘泰股份,9700,0,321846.0,33.18,10.01%,-51.50,2025-07-16
603119,浙江荣泰股份,6500,0,323050.0,49.7,10.00%,-51.69,2025-07-16
1287,中电港,15800,15800,352182.0,22.29,10.02%,32074.63,2025-07-16
2722,物产金轮,18100,0,305166.0,16.86,4.72%,-15436.29,2025-07-16
601512,中新集团,0,0,0.0,8.5,-6.39%,-6030.35,2025-07-17
1287,中电港,0,0,0.0,22.02,-1.21%,14820.62,2025-07-17
603006,联明股份,0,0,0.0,12.83,1.10%,2232.49,2025-07-17
603985,恒润股份,0,0,0.0,16.6,1.16%,-4408.63,2025-07-17
603919,浙江荣泰股份,0,0,0.0,53.51,7.67%,16716.57,2025-07-17
603103,横店影视,0,0,0.0,17.91,-1.27%,1571.10,2025-07-17
605133,嵘泰股份,0,0,0.0,34.01,2.50%,4746.18,2025-07-17
2722,物产金轮,0,0,0.0,17.67,4.80%,19146.81,2025-07-17
603738,泰晶科技,20600,0,320330.0,15.55,9.97%,-51.53,2025-07-17
158,常山北明,13200,0,320232.0,24.26,10.02%,-51.95,2025-07-17
1339,智微智能,5900,0,320606.0,54.34,10.00%,-51.30,2025-07-17
2037,保利联合,0,0,0.0,9.8,1.66%,3135.75,2025-07-17
1389,广合科技,4900,0,325115.0,66.35,10.00%,-52.02,2025-07-17
600843,上工申贝,26500,0,311640.0,11.76,6.91%,4061.30,2025-07-17
600829,人民同泰,38100,0,320040.0,8.4,9.95%,-54.59,2025-07-17
2851,麦格米特,5500,0,321090.0,58.38,10.01%,-51.37,2025-07-18
600629,华建集团,33500,0,320595.0,9.57,10.00%,-51.30,2025-07-18
600343,航天动力,23200,0,320392.0,13.81,10.04%,-51.26,2025-07-18
600444,国机通用,16800,0,320208.0,19.06,9.98%,-51.96,2025-07-18
603738,泰晶科技,0,0,0.0,15.7,0.96%,9258.33,2025-07-18
600829,人民同泰,38100,38100,352044.0,9.24,10.00%,32004.00,2025-07-18
2851,麦格米特,0,0,0.0,56.7,-2.88%,-3773.0,2025-07-21
600829,人民同泰,0,0,0.0,10.16,9.96%,-16408.0,2025-07-21
600343,航天动力,0,0,0.0,13.95,1.01%,-3302.0,2025-07-21
600629,华建集团,0,0,0.0,10.53,10.03%,24935.0,2025-07-21
2226,江南化工,55700,0,350353.0,6.29,9.97%,0.0,2025-07-21
603367,辰欣药业,19500,0,351585.0,18.03,10.01%,0.0,2025-07-21
3002,壶化股份,12300,0,351780.0,28.6,10.00%,0.0,2025-07-21
600444,国机通用,8400,8400,176148.0,20.97,10.02%,31920.0,2025-07-21
600444,国机通用,0,0,0.0,21.53,2.67%,1092.00,2025-07-22
2367,辰欣药业,0,0,0.0,19.83,9.98%,19951.00,2025-07-22
600338,西藏珠峰,27100,0,350674.0,12.94,10.03%,0,2025-07-22
603032,德新科技,18700,0,350999.0,18.77,10.02%,0,2025-07-22
2226,江南化工,55700,55700,385444.0,6.92,10.02%,35091.00,2025-07-22
3002,壶化股份,12300,12300,386958.0,31.46,10.00%,35178.00,2025-07-22
603191,望变电气,22900,0,351057.0,15.33,9.97%,0,2025-07-22
2226,江南化工,0,0,0.0,6.81,-1.59%,15631.0,2025-07-23
3002,壶化股份,0,0,0.0,34.61,10.01%,38745.0,2025-07-23
600338,西藏珠峰,0,0,0.0,11.95,-7.29%,-21601.0,2025-07-23
603032,德新科技,0,0,0.0,18.39,-2.02%,5415.0,2025-07-23
1212,中旗新材,2400,0,107256.0,44.69,8.31%,-1680.0,2025-07-23
603191,望变电气,0,0,0.0,14.42,-5.94%,-17118.0,2025-07-23
2670,国盛金控,21800,0,335284.0,15.38,4.98%,-16132.0,2025-07-23
967,盈峰环境,47500,0,343900.0,7.24,7.90%,-6650.0,2025-07-23
2639,雪人集团,30600,0,350064.0,11.44,10.00%,0.0,2025-07-23
605158,华达新材,36600,0,350262.0,9.57,10.00%,0.0,2025-07-23
600738,丽尚国潮,58900,0,335141.0,5.69,5.18%,-15314.0,2025-07-23
967,盈峰环境,0,0,0.0,7.47,3.18%,8262.42,2025-07-24
1212,中旗新材,0,0,0.0,44.8,0.25%,-1237.72,2025-07-24
2639,雪人集团,0,0,0.0,12.15,6.21%,15655.47,2025-07-24
2670,国盛金控,0,0,0.0,15.82,2.86%,11912.70,2025-07-24
600738,丽尚国潮,0,0,0.0,5.88,3.34%,-3315.45,2025-07-24
712,锦龙股份,8200,0,121770.0,14.85,10.00%,-19.48,2025-07-24
600114,东睦股份,15300,0,350217.0,22.89,10.00%,-56.64,2025-07-24
601958,金钼股份,26800,0,350544.0,13.08,10.01%,-56.09,2025-07-24
605158,华达新材,0,0,0.0,9.9,3.45%,-2939.93,2025-07-24
712,锦龙股份,0,0,0.0,14.71,-0.94%,4377.80,2025-07-25
600114,东睦股份,0,0,0.0,23.28,1.70%,5872.30,2025-07-25
601231,环旭电子,23600,0,368632.0,15.62,6.40%,-12568.98,2025-07-25
601958,金钼股份,0,0,0.0,13.21,0.99%,4563.91,2025-07-25
605088,冠盛股份,9000,0,381330.0,42.37,9.99%,-61.01,2025-07-25
603528,多伦科技,42500,0,380375.0,8.95,9.95%,-60.86,2025-07-25
2278,神开股份,37900,0,380895.0,10.05,9.96%,-60.94,2025-07-28
2022,科华生物,50900,0,380223.0,7.47,10.01%,-60.84,2025-07-28
2281,光迅科技,7300,0,383834.0,52.58,10.00%,-61.41,2025-07-28
601231,环旭电子,0,0,0.0,15.82,1.28%,-3633.06,2025-07-28
603528,多伦科技,0,0,0.0,9.05,1.12%,10950.55,2025-07-28
605088,冠盛股份,0,0,0.0,42.9,1.25%,10366.31,2025-07-28
2022,科华生物,0,0,0.0,7.03,-5.89%,-25728.52,2025-07-29
2278,神开股份,0,0,0.0,9.66,-3.88%,-16168.10,2025-07-29
2281,光迅科技,0,0,0.0,52.4,-0.34%,-3999.86,2025-07-29
600330,天通股份,44400,0,366744.0,8.26,6.03%,-13824.88,2025-07-29
603773,沃格光电,13500,0,381645.0,28.27,10.00%,-61.06,2025-07-29
2965,祥鑫科技,9600,0,382944.0,39.89,10.01%,-61.27,2025-07-29
2859,洁美科技,15400,0,376838.0,24.47,8.56%,-4989.08,2025-07-29
600330,天通股份,0,0,0.0,8.11,-1.82%,13734.72,2025-07-30
2859,洁美科技,0,0,0.0,25.01,2.21%,-1245.54,2025-07-30
603773,沃格光电,0,0,0.0,27.0,-4.49%,-11549.60,2025-07-30
2938,祥鑫科技,0,0,0.0,39.0,-2.23%,1558.06,2025-07-30
2151,北斗星通,11800,0,370520.0,31.4,6.98%,-10562.96,2025-07-30
600684,珠江股份,77100,0,380103.0,4.93,10.04%,-60.82,2025-07-30
3016,欣贺股份,38400,0,313344.0,8.16,-9.33%,-66876.83,2025-07-30
600684,珠江股份,0,0,0.0,5.42,9.94%,34049.48,2025-07-31
2420,毅昌科技,5800,0,38106.0,6.57,4.45%,-2040.00,2025-07-31
2151,北斗星通,0,0,0.0,30.15,-3.98%,-10373.85,2025-07-31
3016,欣贺股份,0,0,0.0,7.74,-5.15%,-17408.45,2025-07-31
600588,用友网络,23000,0,364320.0,15.84,8.05%,-6729.36,2025-07-31
601606,长城军工,10700,0,371076.0,34.68,9.99%,-59.37,2025-07-31
603583,捷昌驱动,9600,0,361920.0,37.7,6.95%,-10427.57,2025-07-31
2902,铭普光磁,15900,0,360930.0,22.7,7.13%,-9758.30,2025-08-01
601718,际华集团,83000,0,350260.0,4.22,4.20%,-19979.23,2025-08-01
603488,展鹏科技,37280,0,336265.6,9.02,7.00%,-9375.29,2025-08-01
603583,捷昌驱动,0,0,0.0,37.63,-0.19%,-130.94,2025-08-01
601606,长城军工,0,0,0.0,35.3,1.79%,21244.90,2025-08-01
600588,用友网络,0,0,0.0,15.77,-0.44%,7551.55,2025-08-01
2420,毅昌科技,0,0,0.0,6.65,1.22%,321.77,2025-08-01
2902,铭普光磁,0,0,0.0,23.0,1.32%,5778.85,2025-08-04
601718,际华集团,0,0,0.0,4.55,7.82%,8983.58,2025-08-04
600161,天坛生物,16400,0,342268.0,20.87,3.99%,-19901.99,2025-08-04
603488,展鹏科技,0,0,0.0,9.65,6.98%,10407.30,2025-08-04
2173,创新医疗,6200,0,100626.0,16.23,10.03%,0,2025-08-05
665,湖北广电,16100,0,100142.0,6.22,10.09%,0,2025-08-05
600161,天坛生物,0,0,0.0,21.05,0.86%,3552.56,2025-08-05
2896,中大力德,4000,0,377520.0,94.38,10.00%,-60.40,2025-08-06
2190,成飞集成,9600,0,373632.0,38.92,10.01%,-59.78,2025-08-06
2173,创新医疗,0,0,0.0,15.88,-2.16%,-1782.81,2025-08-06
665,湖北广电,0,0,0.0,6.11,-1.77%,-103.06,2025-08-06
26,飞亚达,19700,0,371739.0,18.87,10.03%,-59.48,2025-08-07
603648,畅联股份,29900,0,370461.0,12.39,10.04%,-59.27,2025-08-07
2824,和胜股份,4500,0,82665.0,18.37,5.33%,-3658.81,2025-08-07
2896,中大力德,0,0,0.0,102.97,9.10%,24916.88,2025-08-07
2190,成飞集成,0,0,0.0,38.05,-2.24%,-3242.62,2025-08-07
2626,飞亚达,0,0,0.0,17.7,-6.20%,-20667.40,2025-08-08
603648,畅联股份,0,0,0.0,12.05,-2.74%,-7063.36,2025-08-08
2824,和胜股份,0,0,0.0,19.62,6.80%,382.97,2025-08-08
1379,腾达科技,15500,0,351540.0,22.68,4.42%,-18814.25,2025-08-08
702,正虹科技,43900,0,370077.0,8.43,10.05%,-59.21,2025-08-08
3040,楚天龙,14200,0,372182.0,26.21,9.99%,82.47,2025-08-08
603500,祥和实业,34100,0,370326.0,10.86,10.03%,-59.25,2025-08-08
603538,美诺华,14200,0,370194.0,26.07,10.00%,-59.23,2025-08-08
603811,诚意药业,22300,0,370403.0,16.61,10.00%,-59.26,2025-08-08
603500,祥和实业,0,0,0.0,11.11,2.30%,17854.0,2025-08-11
702,正虹科技,0,0,0.0,8.19,-2.85%,-14779.0,2025-08-11
1379,腾达科技,0,0,0.0,22.62,-0.22%,161.0,2025-08-11
3040,楚天龙,0,0,0.0,26.65,1.68%,-1591.0,2025-08-11
603811,诚意药业,0,0,0.0,15.98,-3.79%,-14255.0,2025-08-11
600877,电科芯片,25800,0,360168.0,13.96,10.01%,0.0,2025-08-11
600410,华胜天成,25400,0,360680.0,14.2,9.99%,0.0,2025-08-11
603538,美诺华,0,0,0.0,28.49,9.28%,18166.0,2025-08-11
600410,华胜天成,0,0,0.0,15.62,10.00%,4896.0,2025-08-12
600203,福日电子,20800,0,360672.0,17.34,10.03%,0,2025-08-12
600877,电科芯片,0,0,0.0,14.05,0.64%,-8572.0,2025-08-12
2939,长城证券,36200,0,360552.0,9.96,10.06%,0,2025-08-13
600203,福日电子,0,0,0.0,19.07,9.98%,4912.00,2025-08-13
700,模塑科技,40400,0,360368.0,8.92,9.99%,0,2025-08-13
2833,弘亚数控,18400,0,360272.0,19.58,10.00%,0,2025-08-13
2516,旷达科技,58800,0,360444.0,6.13,10.05%,0,2025-08-13
2915,中欣氟材,11600,0,350320.0,30.2,6.49%,-11600.00,2025-08-13
700,模塑科技,0,0,0.0,9.81,9.98%,27508.00,2025-08-14
2916,旷达科技,0,0,0.0,5.77,-5.87%,-8489.00,2025-08-14
2915,中欣氟材,0,0,0.0,30.06,-0.46%,6545.00,2025-08-14
2939,长城证券,0,0,0.0,10.96,10.04%,21553.00,2025-08-14
2833,弘亚数控,0,0,0.0,18.11,-7.51%,-19813.00,2025-08-14
600410,华胜天成,20300,0,361543.0,17.81,10.01%,0,2025-08-14
603126,中材节能,45700,0,3400080.0,7.44,3.91%,-20108.00,2025-08-14
601778,晶科科技,100300,0,3590740.0,3.58,9.82%,-1003.00,2025-08-14
2657,中科金财,10600,0,361672.0,34.12,9.99%,0,2025-08-14
2657,中科金财,0,0,0.0,35.32,3.52%,18026.0,2025-08-15
600410,华胜天成,0,0,0.0,18.69,4.94%,13102.0,2025-08-15
601778,晶科科技,0,0,0.0,3.6,0.56%,-11901.0,2025-08-15
603126,中材节能,0,0,0.0,7.28,-2.15%,-8139.0,2025-08-15
2236,大华股份,19500,0,354705.0,18.19,8.21%,-5907.69,2025-08-17
603083,剑桥科技,6200,0,365428.0,58.94,10.00%,-58.47,2025-08-17
63,中兴通讯,9300,0,356283.0,38.31,8.80%,-3963.63,2025-08-17
2236,大华股份,0,0,0.0,18.2,0.05%,1502.0,2025-08-18
63,中兴通讯,0,0,0.0,37.8,-1.33%,-6348.0,2025-08-18
603083,剑桥科技,0,0,0.0,64.83,9.99%,36518.0,2025-08-18
2283,天润工业,51600,0,360684.0,6.99,10.08%,0,2025-08-18
600835,上海机电,11900,0,360213.0,30.27,9.99%,0,2025-08-18
2283,天润工业,51600,0,360684.0,6.99,10.08%,0,2025-08-19
600835,上海机电,11900,0,360213.0,30.27,9.99%,0,2025-08-19
603083,剑桥科技,0,0,0.0,64.83,9.99%,36518.0,2025-08-19
2236,大华股份,0,0,0.0,18.2,0.05%,1502.0,2025-08-19
63,中兴通讯,0,0,0.0,37.8,-1.33%,-6348.0,2025-08-19
2283,天润工业,0,0,0.0,6.93,-0.86%,-4411.80,2025-08-20
600835,上海机电,0,0,0.0,31.61,4.43%,20896.63,2025-08-20
600651,飞乐音响,8500,0,60180.0,7.08,9.94%,-11.23,2025-08-20
2190,成飞集成,8700,0,350784.0,40.32,10.01%,-56.13,2025-08-20
600361,创新新材,74200,0,350224.0,4.72,10.02%,-56.04,2025-08-20
2369,卓翼科技,33200,0,350592.0,10.56,10.00%,-56.09,2025-08-21
600361,创新新材,0,0,0.0,4.63,-1.91%,11635.17,2025-08-21
2190,成飞集成,0,0,0.0,44.35,10.00%,34455.12,2025-08-21
603688,石英股份,8000,0,340400.0,42.55,6.59%,-10936.2,2025-08-21
600651,飞乐音响,0,0,0.0,7.19,1.55%,1332.21,2025-08-21
603123,翠微股份,4600,0,70702.0,15.37,10.02%,-11.31,2025-08-21
617,中油资本,6500,0,70655.0,10.87,10.02%,53.05,2025-08-21
1309,德明利,2800,0,270480.0,96.6,5.52%,-11553.12,2025-08-21
617,中油资本,0,0,0.0,11.96,10.03%,1009.0,2025-08-22
2459,德明利,0,0,0.0,98.91,2.39%,-1425.0,2025-08-22
2369,卓翼科技,0,0,0.0,10.97,3.88%,18791.0,2025-08-22
603123,翠微股份,0,0,0.0,15.61,1.56%,598.0,2025-08-22
603688,石英股份,0,0,0.0,42.81,0.61%,2817.0,2025-08-22
600601,方正科技,9200,0,72588.0,7.89,10.04%,0.0,2025-08-22
600979,广安爱众,65100,0,360003.0,5.53,9.94%,0.0,2025-08-22
603716,塞力医疗,2300,0,72496.0,31.52,10.02%,0.0,2025-08-22
2,万科A,0,0,0.0,6.99,-2.37%,-2037.51,2025-08-23
2716,湖南白银,0,0,0.0,5.46,1.30%,-1810.25,2025-08-23
600010,包钢股份,0,0,0.0,2.77,-7.36%,-3506.33,2025-08-23
600539,狮头股份,0,0,0.0,12.3,2.76%,2845.33,2025-08-23
603163,圣晖系统集成集团,0,0,0.0,40.56,4.46%,2054.92,2025-08-23
2426,胜利精密,24200,0,86878.0,3.59,6.21%,-3162.96,2025-08-23
2410,广联达,24800,0,380928.0,15.36,10.03%,-60.95,2025-08-23
603032,德新科技,0,0,0.0,19.28,-1.88%,-2747.69,2025-08-23
2,万科A,10000,0,71600.0,7.16,9.15%,-600.0,2025-08-25
600979,广安爱众,0,0,0.0,5.7,3.07%,6906.0,2025-08-25
600601,方正科技,0,0,0.0,8.04,1.90%,2572.0,2025-08-25
603716,塞力医疗,0,0,0.0,34.67,9.99%,4393.0,2025-08-25
600010,包钢股份,24100,0,72059.0,2.99,9.93%,0.0,2025-08-25
603032,德新科技,17800,0,349770.0,19.65,6.74%,-10680.0,2025-08-25
603163,圣晖系统集成集团,1900,0,73777.0,38.83,10.00%,0.0,2025-08-25
600539,狮头股份,24100,0,288477.0,11.97,10.02%,0.0,2025-08-25
2716,湖南白银,13400,0,72226.0,5.39,10.00%,0.0,2025-08-25
2,万科A,0,0,0.0,6.99,-2.37%,-2037.51,2025-08-26
2716,湖南白银,0,0,0.0,5.46,1.30%,-1810.25,2025-08-26
600010,包钢股份,0,0,0.0,2.77,-7.36%,-3506.33,2025-08-26
600539,狮头股份,0,0,0.0,12.3,2.76%,2845.33,2025-08-26
603032,德新科技,0,0,0.0,19.28,-1.88%,-2747.69,2025-08-26
2426,胜利精密,24200,0,86878.0,3.59,6.21%,-3162.96,2025-08-26
2410,广联达,24800,0,380928.0,15.36,10.03%,-60.95,2025-08-26
603163,圣晖系统集成集团,0,0,0.0,40.56,4.46%,2054.92,2025-08-26
2410,广联达,0,0,0.0,15.23,-0.85%,4010.00,2025-08-27
2426,胜利精密,0,0,0.0,3.52,-1.95%,566.00,2025-08-27
600353,旭光电子,5100,0,89250.0,17.5,7.69%,-1938.00,2025-08-27
2195,岩山科技,12300,0,90036.0,7.32,10.08%,0,2025-08-27
2251,步步高,48000,0,270240.0,5.63,9.96%,0,2025-08-27
600744,华银电力,10600,0,90842.0,8.57,10.01%,0,2025-08-27
1216,华瓷股份,23200,0,365632.0,15.76,5.56%,-15312.00,2025-08-27
2929,润建股份,6800,0,374680.0,55.1,7.43%,-8976.00,2025-08-27
2950,奥美医疗,35400,0,380196.0,10.74,10.04%,0,2025-08-27
603613,国联股份,9300,0,270909.0,29.13,10.01%,0,2025-08-27
2251,步步高,0,0,0.0,5.71,1.42%,5122.74,2025-08-28
2929,润建股份,0,0,0.0,54.0,-2.00%,-10810.31,2025-08-28
2950,奥美医疗,0,0,0.0,10.25,-4.56%,-14992.19,2025-08-28
600353,旭光电子,0,0,0.0,17.71,1.20%,1766.45,2025-08-28
600744,华银电力,0,0,0.0,8.29,-3.27%,-6592.18,2025-08-28
603613,国联股份,0,0,0.0,28.86,-0.93%,-1996.88,2025-08-28
2384,东山精密,1500,0,91410.0,60.94,10.00%,-15.73,2025-08-28
2842,翔鹭钨业,7100,0,90596.0,12.76,10.00%,-14.50,2025-08-28
603659,璞泰来,13000,0,264940.0,20.38,7.89%,-5243.22,2025-08-28
2165,红宝丽,27000,0,270810.0,10.03,9.98%,-43.33,2025-08-28
603238,诺邦股份,16800,0,368088.0,21.91,6.36%,-12667.40,2025-08-28
2195,岩山科技,0,0,0.0,8.05,9.97%,3431.20,2025-08-28
603395,中盐红四方,2300,0,90068.0,39.16,10.00%,-14.41,2025-08-28
1216,华瓷股份,0,0,0.0,15.47,-1.84%,-431.24,2025-08-28
