日期,单位净值,累计净值
2017-05-12,1.0,1.0
2017-05-15,1.0,1.0
2017-05-16,1.0,1.0
2017-05-17,1.0,1.0
2017-05-18,1.0,1.0
2017-05-19,1.0,1.0
2017-05-22,1.0,1.0
2017-05-23,1.0,1.0
2017-05-24,1.0,1.0
2017-05-25,1.0,1.0
2017-05-26,1.0,1.0
2017-05-31,1.0,1.0
2017-06-01,1.0,1.0
2017-06-02,1.0,1.0
2017-06-05,1.0,1.0
2017-06-06,1.0,1.0
2017-06-07,1.0,1.0
2017-06-08,1.0,1.0
2017-06-09,1.0,1.0
2017-06-12,1.0,1.0
2017-06-13,1.0,1.0
2017-06-14,1.0,1.0
2017-06-15,1.0,1.0
2017-06-16,1.0,1.0
2017-06-19,1.001,1.001
2017-06-20,1.001,1.001
2017-06-21,1.001,1.001
2017-06-22,1.001,1.001
2017-06-23,1.001,1.001
2017-06-26,1.001,1.001
2017-06-27,1.001,1.001
2017-06-28,1.001,1.001
2017-06-29,1.001,1.001
2017-06-30,1.001,1.001
2017-07-03,1.001,1.001
2017-07-04,1.001,1.001
2017-07-05,1.001,1.001
2017-07-06,1.001,1.001
2017-07-07,0.998,0.998
2017-07-10,1.001,1.001
2017-07-11,1.008,1.008
2017-07-12,1.012,1.012
2017-07-13,1.012,1.012
2017-07-14,1.01,1.01
2017-07-17,1.011,1.011
2017-07-18,1.015,1.015
2017-07-19,1.019,1.019
2017-07-20,1.018,1.018
2017-07-21,1.017,1.017
2017-07-24,1.014,1.014
2017-07-25,1.013,1.013
2017-07-26,1.016,1.016
2017-07-27,1.015,1.015
2017-07-28,1.011,1.011
2017-07-31,1.015,1.015
2017-08-01,1.02,1.02
2017-08-02,1.018,1.018
2017-08-03,1.017,1.017
2017-08-04,1.017,1.017
2017-08-07,1.019,1.019
2017-08-08,1.019,1.019
2017-08-09,1.021,1.021
2017-08-10,1.023,1.023
2017-08-11,1.018,1.018
2017-08-14,1.02,1.02
2017-08-15,1.019,1.019
2017-08-16,1.021,1.021
2017-08-17,1.018,1.018
2017-08-18,1.017,1.017
2017-08-21,1.018,1.018
2017-08-22,1.019,1.019
2017-08-23,1.016,1.016
2017-08-24,1.016,1.016
2017-08-25,1.019,1.019
2017-08-28,1.009,1.009
2017-08-29,1.009,1.009
2017-08-30,1.009,1.009
2017-08-31,1.003,1.003
2017-09-01,1.012,1.012
2017-09-04,1.017,1.017
2017-09-05,1.02,1.02
2017-09-06,1.017,1.017
2017-09-07,1.017,1.017
2017-09-08,1.017,1.017
2017-09-11,1.019,1.019
2017-09-12,1.02,1.02
2017-09-13,1.02,1.02
2017-09-14,1.021,1.021
2017-09-15,1.021,1.021
2017-09-18,1.023,1.023
2017-09-19,1.023,1.023
2017-09-20,1.024,1.024
2017-09-21,1.023,1.023
2017-09-22,1.036,1.036
2017-09-25,1.038,1.038
2017-09-26,1.038,1.038
2017-09-27,1.037,1.037
2017-09-28,1.042,1.042
2017-09-29,1.046,1.046
2017-10-09,1.052,1.052
2017-10-10,1.052,1.052
2017-10-11,1.052,1.052
2017-10-12,1.053,1.053
2017-10-13,1.047,1.047
2017-10-16,1.039,1.039
2017-10-17,1.048,1.048
2017-10-18,1.048,1.048
2017-10-19,1.047,1.047
2017-10-20,1.045,1.045
2017-10-23,1.043,1.043
2017-10-24,1.044,1.044
2017-10-25,1.04,1.04
2017-10-26,1.04,1.04
2017-10-27,1.04,1.04
2017-10-30,1.041,1.041
2017-10-31,1.042,1.042
2017-11-01,1.037,1.037
2017-11-02,1.034,1.034
2017-11-03,1.032,1.032
2017-11-06,1.032,1.032
2017-11-07,1.034,1.034
2017-11-08,1.032,1.032
2017-11-09,1.035,1.035
2017-11-10,1.031,1.031
2017-11-13,1.03,1.03
2017-11-14,1.032,1.032
2017-11-15,1.022,1.022
2017-11-16,1.022,1.022
2017-11-17,1.022,1.022
2017-11-20,1.022,1.022
2017-11-21,1.02,1.02
2017-11-22,1.019,1.019
2017-11-23,1.018,1.018
2017-11-24,1.018,1.018
2017-11-27,1.018,1.018
2017-11-28,1.015,1.015
2017-11-29,1.018,1.018
2017-11-30,1.023,1.023
2017-12-01,1.027,1.027
2017-12-04,1.034,1.034
2017-12-05,1.035,1.035
2017-12-06,1.03,1.03
2017-12-07,1.013,1.013
2017-12-08,0.998,0.998
2017-12-11,1.01,1.01
2017-12-12,1.011,1.011
2017-12-13,1.011,1.011
2017-12-14,1.01,1.01
2017-12-15,1.01,1.01
2017-12-18,1.009,1.009
2017-12-19,1.01,1.01
2017-12-20,1.011,1.011
2017-12-21,1.008,1.008
2017-12-22,1.009,1.009
2017-12-25,1.009,1.009
2017-12-26,1.009,1.009
2017-12-27,1.009,1.009
2017-12-28,1.009,1.009
2017-12-29,1.01,1.01
2018-01-02,1.01,1.01
2018-01-03,1.01,1.01
2018-01-04,1.01,1.01
2018-01-05,1.009,1.009
2018-01-08,1.009,1.009
2018-01-09,1.009,1.009
2018-01-10,1.009,1.009
2018-01-11,1.009,1.009
2018-01-12,1.007,1.007
2018-01-15,1.007,1.007
2018-01-16,1.004,1.004
2018-01-17,1.002,1.002
2018-01-18,1.002,1.002
2018-01-19,1.001,1.001
2018-01-22,1.005,1.005
2018-01-23,1.003,1.003
2018-01-24,1.004,1.004
2018-01-25,1.005,1.005
2018-01-26,1.006,1.006
2018-01-29,1.007,1.007
2018-01-30,1.007,1.007
2018-01-31,1.004,1.004
2018-02-01,1.01,1.01
2018-02-02,1.012,1.012
2018-02-05,1.01,1.01
2018-02-06,1.012,1.012
2018-02-07,1.012,1.012
2018-02-08,1.014,1.014
2018-02-09,1.014,1.014
2018-02-12,1.014,1.014
2018-02-13,1.014,1.014
2018-02-14,1.014,1.014
2018-02-22,1.011,1.011
2018-02-23,1.008,1.008
2018-02-26,1.013,1.013
2018-02-27,1.015,1.015
2018-02-28,1.015,1.015
2018-03-01,1.018,1.018
2018-03-02,1.016,1.016
2018-03-05,1.015,1.015
2018-03-06,1.015,1.015
2018-03-07,1.016,1.016
2018-03-08,1.014,1.014
2018-03-09,1.014,1.014
2018-03-12,1.013,1.013
2018-03-13,1.014,1.014
2018-03-14,1.015,1.015
2018-03-15,1.013,1.013
2018-03-16,1.014,1.014
2018-03-19,1.018,1.018
2018-03-20,1.021,1.021
2018-03-21,1.023,1.023
2018-03-22,1.024,1.024
2018-03-23,1.036,1.036
2018-03-26,1.04,1.04
2018-03-27,1.041,1.041
2018-03-28,1.038,1.038
2018-03-29,1.037,1.037
2018-03-30,1.031,1.031
2018-04-02,1.021,1.021
2018-04-03,1.021,1.021
2018-04-04,1.023,1.023
2018-04-09,1.025,1.025
2018-04-10,1.027,1.027
2018-04-11,1.024,1.024
2018-04-12,1.023,1.023
2018-04-13,1.022,1.022
2018-04-16,1.02,1.02
2018-04-17,1.021,1.021
2018-04-18,1.021,1.021
2018-04-19,1.023,1.023
2018-04-20,1.019,1.019
2018-04-23,1.02,1.02
2018-04-24,1.018,1.018
2018-04-25,1.013,1.013
2018-04-26,1.013,1.013
2018-04-27,1.013,1.013
2018-05-02,1.014,1.014
2018-05-03,1.016,1.016
2018-05-04,1.014,1.014
2018-05-07,1.014,1.014
2018-05-08,1.016,1.016
2018-05-09,1.015,1.015
2018-05-10,1.016,1.016
2018-05-11,1.017,1.017
2018-05-14,1.019,1.019
2018-05-15,1.021,1.021
2018-05-16,1.027,1.027
2018-05-17,1.028,1.028
2018-05-18,1.03,1.03
2018-05-21,1.033,1.033
2018-05-22,1.033,1.033
2018-05-23,1.028,1.028
2018-05-24,1.025,1.025
2018-05-25,1.026,1.026
2018-05-28,1.024,1.024
2018-05-29,1.024,1.024
2018-05-30,1.026,1.026
2018-05-31,1.026,1.026
2018-06-01,1.027,1.027
2018-06-04,1.029,1.029
2018-06-05,1.025,1.025
2018-06-06,1.025,1.025
2018-06-07,1.028,1.028
2018-06-08,1.031,1.031
2018-06-11,1.033,1.033
2018-06-12,1.032,1.032
2018-06-13,1.029,1.029
2018-06-14,1.027,1.027
2018-06-15,1.028,1.028
2018-06-19,1.042,1.042
2018-06-20,1.052,1.052
2018-06-21,1.046,1.046
2018-06-22,1.052,1.052
2018-06-25,1.047,1.047
2018-06-26,1.052,1.052
2018-06-27,1.052,1.052
2018-06-28,1.04,1.04
2018-06-29,1.036,1.036
2018-07-02,1.037,1.037
2018-07-03,1.044,1.044
2018-07-04,1.042,1.042
2018-07-05,1.048,1.048
2018-07-06,1.047,1.047
2018-07-09,1.039,1.039
2018-07-10,1.043,1.043
2018-07-11,1.041,1.041
2018-07-12,1.046,1.046
2018-07-13,1.05,1.05
2018-07-16,1.051,1.051
2018-07-17,1.042,1.042
2018-07-18,1.042,1.042
2018-07-19,1.036,1.036
2018-07-20,1.033,1.033
2018-07-23,1.034,1.034
2018-07-24,1.039,1.039
2018-07-25,1.042,1.042
2018-07-26,1.034,1.034
2018-07-27,1.041,1.041
2018-07-30,1.053,1.053
2018-07-31,1.056,1.056
2018-08-01,1.059,1.059
2018-08-02,1.057,1.057
2018-08-03,1.063,1.063
2018-08-06,1.072,1.072
2018-08-07,1.075,1.075
2018-08-08,1.079,1.079
2018-08-09,1.087,1.087
2018-08-10,1.079,1.079
2018-08-13,1.068,1.068
2018-08-14,1.076,1.076
2018-08-15,1.078,1.078
2018-08-16,1.082,1.082
2018-08-17,1.078,1.078
2018-08-20,1.084,1.084
2018-08-21,1.083,1.083
2018-08-22,1.082,1.082
2018-08-23,1.076,1.076
2018-08-24,1.08,1.08
2018-08-27,1.085,1.085
2018-08-28,1.079,1.079
2018-08-29,1.074,1.074
2018-08-30,1.077,1.077
2018-08-31,1.076,1.076
2018-09-03,1.083,1.083
2018-09-04,1.084,1.084
2018-09-05,1.088,1.088
2018-09-06,1.088,1.088
2018-09-07,1.085,1.085
2018-09-10,1.091,1.091
2018-09-11,1.096,1.096
2018-09-12,1.1,1.1
2018-09-13,1.094,1.094
2018-09-14,1.093,1.093
2018-09-17,1.081,1.081
2018-09-18,1.074,1.074
2018-09-19,1.083,1.083
2018-09-20,1.085,1.085
2018-09-21,1.087,1.087
2018-09-25,1.088,1.088
2018-09-26,1.089,1.089
2018-09-27,1.088,1.088
2018-09-28,1.093,1.093
2018-10-08,1.116,1.116
2018-10-09,1.124,1.124
2018-10-10,1.127,1.127
2018-10-11,1.114,1.114
2018-10-12,1.116,1.116
2018-10-15,1.12,1.12
2018-10-16,1.119,1.119
2018-10-17,1.122,1.122
2018-10-18,1.125,1.125
2018-10-19,1.13,1.13
2018-10-22,1.129,1.129
2018-10-23,1.127,1.127
2018-10-24,1.126,1.126
2018-10-25,1.13,1.13
2018-10-26,1.131,1.131
2018-10-29,1.132,1.132
2018-10-30,1.136,1.136
2018-10-31,1.142,1.142
2018-11-01,1.152,1.152
2018-11-02,1.165,1.165
2018-11-05,1.165,1.165
2018-11-06,1.161,1.161
2018-11-07,1.165,1.165
2018-11-08,1.164,1.164
2018-11-09,1.163,1.163
2018-11-12,1.171,1.171
2018-11-13,1.173,1.173
2018-11-14,1.167,1.167
2018-11-15,1.163,1.163
2018-11-16,1.153,1.153
2018-11-19,1.152,1.152
2018-11-20,1.152,1.152
2018-11-21,1.158,1.158
2018-11-22,1.162,1.162
2018-11-23,1.167,1.167
2018-11-26,1.183,1.183
2018-11-27,1.189,1.189
2018-11-28,1.181,1.181
2018-11-29,1.179,1.179
2018-11-30,1.176,1.176
2018-12-03,1.165,1.165
2018-12-04,1.158,1.158
2018-12-05,1.147,1.147
2018-12-06,1.148,1.148
2018-12-07,1.157,1.157
2018-12-10,1.159,1.159
2018-12-11,1.151,1.151
2018-12-12,1.149,1.149
2018-12-13,1.148,1.148
2018-12-14,1.15,1.15
2018-12-17,1.151,1.151
2018-12-18,1.151,1.151
2018-12-19,1.15,1.15
2018-12-20,1.147,1.147
2018-12-21,1.143,1.143
2018-12-24,1.144,1.144
2018-12-25,1.159,1.159
2018-12-26,1.161,1.161
2018-12-27,1.153,1.153
2018-12-28,1.162,1.162
2019-01-02,1.156,1.156
2019-01-03,1.159,1.159
2019-01-04,1.16,1.16
2019-01-07,1.154,1.154
2019-01-08,1.151,1.151
2019-01-09,1.144,1.144
2019-01-10,1.147,1.147
2019-01-11,1.141,1.141
2019-01-14,1.142,1.142
2019-01-15,1.131,1.131
2019-01-16,1.131,1.131
2019-01-17,1.134,1.134
2019-01-18,1.156,1.156
2019-01-21,1.178,1.178
2019-01-22,1.175,1.175
2019-01-23,1.169,1.169
2019-01-24,1.168,1.168
2019-01-25,1.169,1.169
2019-01-28,1.166,1.166
2019-01-29,1.169,1.169
2019-01-30,1.15,1.15
2019-01-31,1.153,1.153
2019-02-01,1.175,1.175
2019-02-11,1.187,1.187
2019-02-12,1.19,1.19
2019-02-13,1.175,1.175
2019-02-14,1.161,1.161
2019-02-15,1.154,1.154
2019-02-18,1.149,1.149
2019-02-19,1.146,1.146
2019-02-20,1.139,1.139
2019-02-21,1.148,1.148
2019-02-22,1.15,1.15
2019-02-25,1.153,1.153
2019-02-26,1.144,1.144
2019-02-27,1.152,1.152
2019-02-28,1.144,1.144
2019-03-01,1.147,1.147
2019-03-04,1.173,1.173
2019-03-05,1.17,1.17
2019-03-06,1.177,1.177
2019-03-07,1.173,1.173
2019-03-08,1.163,1.163
2019-03-11,1.184,1.184
2019-03-12,1.174,1.174
2019-03-13,1.166,1.166
2019-03-14,1.161,1.161
2019-03-15,1.165,1.165
2019-03-18,1.172,1.172
2019-03-19,1.174,1.174
2019-03-20,1.16,1.16
2019-03-21,1.144,1.144
2019-03-22,1.136,1.136
2019-03-25,1.147,1.147
2019-03-26,1.151,1.151
2019-03-27,1.142,1.142
2019-03-28,1.143,1.143
2019-03-29,1.128,1.128
2019-04-01,1.143,1.143
2019-04-02,1.151,1.151
2019-04-03,1.159,1.159
2019-04-04,1.16,1.16
2019-04-08,1.18,1.18
2019-04-09,1.176,1.176
2019-04-10,1.168,1.168
2019-04-11,1.175,1.175
2019-04-12,1.171,1.171
2019-04-15,1.174,1.174
2019-04-16,1.167,1.167
2019-04-17,1.168,1.168
2019-04-18,1.172,1.172
2019-04-19,1.171,1.171
2019-04-22,1.17,1.17
2019-04-23,1.169,1.169
2019-04-24,1.175,1.175
2019-04-25,1.172,1.172
2019-04-26,1.178,1.178
2019-04-29,1.156,1.156
2019-04-30,1.156,1.156
2019-05-06,1.166,1.166
2019-05-07,1.157,1.157
2019-05-08,1.157,1.157
2019-05-09,1.178,1.178
2019-05-10,1.171,1.171
2019-05-13,1.173,1.173
2019-05-14,1.193,1.193
2019-05-15,1.201,1.201
2019-05-16,1.198,1.198
2019-05-17,1.2,1.2
2019-05-20,1.208,1.208
2019-05-21,1.211,1.211
2019-05-22,1.222,1.222
2019-05-23,1.225,1.225
2019-05-24,1.224,1.224
2019-05-27,1.23,1.23
2019-05-28,1.232,1.232
2019-05-29,1.233,1.233
2019-05-30,1.23,1.23
2019-05-31,1.22,1.22
2019-06-03,1.212,1.212
2019-06-04,1.216,1.216
2019-06-05,1.215,1.215
2019-06-06,1.217,1.217
2019-06-10,1.209,1.209
2019-06-11,1.223,1.223
2019-06-12,1.225,1.225
2019-06-13,1.224,1.224
2019-06-14,1.223,1.223
2019-06-17,1.22,1.22
2019-06-18,1.211,1.211
2019-06-19,1.218,1.218
2019-06-20,1.221,1.221
2019-06-21,1.225,1.225
2019-06-24,1.233,1.233
2019-06-25,1.238,1.238
2019-06-26,1.239,1.239
2019-06-27,1.238,1.238
2019-06-28,1.231,1.231
2019-07-01,1.227,1.227
2019-07-02,1.241,1.241
2019-07-03,1.243,1.243
2019-07-04,1.24,1.24
2019-07-05,1.239,1.239
2019-07-08,1.246,1.246
2019-07-09,1.256,1.256
2019-07-10,1.256,1.256
2019-07-11,1.248,1.248
2019-07-12,1.24,1.24
2019-07-15,1.215,1.215
2019-07-16,1.222,1.222
2019-07-17,1.225,1.225
2019-07-18,1.231,1.231
2019-07-19,1.23,1.23
2019-07-22,1.213,1.213
2019-07-23,1.213,1.213
2019-07-24,1.22,1.22
2019-07-25,1.219,1.219
2019-07-26,1.208,1.208
2019-07-29,1.204,1.204
2019-07-30,1.195,1.195
2019-07-31,1.183,1.183
2019-08-01,1.169,1.169
2019-08-02,1.188,1.188
2019-08-05,1.226,1.226
2019-08-06,1.237,1.237
2019-08-07,1.237,1.237
2019-08-08,1.235,1.235
2019-08-09,1.255,1.255
2019-08-12,1.253,1.253
2019-08-13,1.254,1.254
2019-08-14,1.239,1.239
2019-08-15,1.227,1.227
2019-08-16,1.225,1.225
2019-08-19,1.216,1.216
2019-08-20,1.214,1.214
2019-08-21,1.211,1.211
2019-08-22,1.202,1.202
2019-08-23,1.2,1.2
2019-08-26,1.209,1.209
2019-08-27,1.208,1.208
2019-08-28,1.21,1.21
2019-08-29,1.221,1.221
2019-08-30,1.217,1.217
2019-09-02,1.232,1.232
2019-09-03,1.244,1.244
2019-09-04,1.247,1.247
2019-09-05,1.254,1.254
2019-09-06,1.261,1.261
2019-09-09,1.255,1.255
2019-09-10,1.256,1.256
2019-09-11,1.243,1.243
2019-09-12,1.247,1.247
2019-09-16,1.241,1.241
2019-09-17,1.262,1.262
2019-09-18,1.253,1.253
2019-09-19,1.248,1.248
2019-09-20,1.254,1.254
2019-09-23,1.25,1.25
2019-09-24,1.249,1.249
2019-09-25,1.249,1.249
2019-09-26,1.235,1.235
2019-09-27,1.243,1.243
2019-09-30,1.238,1.238
2019-10-08,1.234,1.234
2019-10-09,1.222,1.222
2019-10-10,1.218,1.218
2019-10-11,1.223,1.223
2019-10-14,1.22,1.22
2019-10-15,1.238,1.238
2019-10-16,1.238,1.238
2019-10-17,1.246,1.246
2019-10-18,1.253,1.253
2019-10-21,1.258,1.258
2019-10-22,1.256,1.256
2019-10-23,1.252,1.252
2019-10-24,1.242,1.242
2019-10-25,1.236,1.236
2019-10-28,1.236,1.236
2019-10-29,1.231,1.231
2019-10-30,1.23,1.23
2019-10-31,1.24,1.24
2019-11-01,1.252,1.252
2019-11-04,1.253,1.253
2019-11-05,1.262,1.262
2019-11-06,1.259,1.259
2019-11-07,1.255,1.255
2019-11-08,1.262,1.262
2019-11-11,1.289,1.289
2019-11-12,1.299,1.299
2019-11-13,1.296,1.296
2019-11-14,1.293,1.293
2019-11-15,1.298,1.298
2019-11-18,1.296,1.296
2019-11-19,1.3,1.3
2019-11-20,1.302,1.302
2019-11-21,1.294,1.294
2019-11-22,1.303,1.303
2019-11-25,1.311,1.311
2019-11-26,1.304,1.304
2019-11-27,1.297,1.297
2019-11-28,1.286,1.286
2019-11-29,1.288,1.288
2019-12-02,1.28,1.28
2019-12-03,1.288,1.288
2019-12-04,1.284,1.284
2019-12-05,1.282,1.282
2019-12-06,1.276,1.276
2019-12-09,1.282,1.282
2019-12-10,1.303,1.303
2019-12-11,1.304,1.304
2019-12-12,1.299,1.299
2019-12-13,1.304,1.304
2019-12-16,1.287,1.287
2019-12-17,1.289,1.289
2019-12-18,1.289,1.289
2019-12-19,1.285,1.285
2019-12-20,1.286,1.286
2019-12-23,1.277,1.277
2019-12-24,1.28,1.28
2019-12-25,1.281,1.281
2019-12-26,1.285,1.285
2019-12-27,1.289,1.289
2019-12-30,1.304,1.304
2019-12-31,1.287,1.287
2020-01-02,1.282,1.282
2020-01-03,1.286,1.286
2020-01-06,1.275,1.275
2020-01-07,1.284,1.284
2020-01-08,1.31,1.31
2020-01-09,1.304,1.304
2020-01-10,1.3,1.3
2020-01-13,1.321,1.321
2020-01-14,1.321,1.321
2020-01-15,1.311,1.311
2020-01-16,1.306,1.306
2020-01-17,1.297,1.297
2020-01-20,1.299,1.299
2020-01-21,1.29,1.29
2020-01-22,1.3,1.3
2020-01-23,1.311,1.311
2020-02-03,1.538,1.538
2020-02-04,1.547,1.547
2020-02-05,1.544,1.544
2020-02-06,1.52,1.52
2020-02-07,1.513,1.513
2020-02-10,1.509,1.509
2020-02-11,1.509,1.509
2020-02-12,1.518,1.518
2020-02-13,1.515,1.515
2020-02-14,1.504,1.504
2020-02-17,1.506,1.506
2020-02-18,1.492,1.492
2020-02-19,1.497,1.497
2020-02-20,1.501,1.501
2020-02-21,1.502,1.502
2020-02-24,1.508,1.508
2020-02-25,1.508,1.508
2020-02-26,1.499,1.499
2020-02-27,1.499,1.499
2020-02-28,1.471,1.471
2020-03-02,1.464,1.464
2020-03-03,1.466,1.466
2020-03-04,1.487,1.487
2020-03-05,1.497,1.497
2020-03-06,1.486,1.486
2020-03-09,1.497,1.497
2020-03-10,1.464,1.464
2020-03-11,1.469,1.469
2020-03-12,1.477,1.477
2020-03-13,1.462,1.462
2020-03-16,1.483,1.483
2020-03-17,1.47,1.47
2020-03-18,1.477,1.477
2020-03-19,1.496,1.496
2020-03-20,1.494,1.494
2020-03-23,1.506,1.506
2020-03-24,1.491,1.491
2020-03-25,1.483,1.483
2020-03-26,1.487,1.487
2020-03-27,1.481,1.481
2020-03-30,1.502,1.502
2020-03-31,1.507,1.507
2020-04-01,1.515,1.515
2020-04-02,1.512,1.512
2020-04-03,1.501,1.501
2020-04-07,1.501,1.501
2020-04-08,1.499,1.499
2020-04-09,1.499,1.499
2020-04-10,1.496,1.496
2020-04-13,1.491,1.491
2020-04-14,1.495,1.495
2020-04-15,1.493,1.493
2020-04-16,1.492,1.492
2020-04-17,1.484,1.484
2020-04-20,1.486,1.486
2020-04-21,1.493,1.493
2020-04-22,1.496,1.496
2020-04-23,1.493,1.493
2020-04-24,1.484,1.484
2020-04-27,1.483,1.483
2020-04-28,1.481,1.481
2020-04-29,1.479,1.479
2020-04-30,1.477,1.477
2020-05-06,1.475,1.475
2020-05-07,1.477,1.477
2020-05-08,1.48,1.48
2020-05-11,1.47,1.47
2020-05-12,1.471,1.471
2020-05-13,1.472,1.472
2020-05-14,1.473,1.473
2020-05-15,1.476,1.476
2020-05-18,1.494,1.494
2020-05-19,1.507,1.507
2020-05-20,1.51,1.51
2020-05-21,1.513,1.513
2020-05-22,1.514,1.514
2020-05-25,1.514,1.514
2020-05-26,1.521,1.521
2020-05-27,1.511,1.511
2020-05-28,1.502,1.502
2020-05-29,1.505,1.505
2020-06-01,1.519,1.519
2020-06-02,1.537,1.537
2020-06-03,1.555,1.555
2020-06-04,1.55,1.55
2020-06-05,1.549,1.549
2020-06-08,1.552,1.552
2020-06-09,1.55,1.55
2020-06-10,1.552,1.552
2020-06-11,1.545,1.545
2020-06-12,1.542,1.542
2020-06-15,1.539,1.539
2020-06-16,1.522,1.522
2020-06-17,1.508,1.508
2020-06-18,1.514,1.514
2020-06-19,1.532,1.532
2020-06-22,1.527,1.527
2020-06-23,1.521,1.521
2020-06-24,1.517,1.517
2020-06-29,1.522,1.522
2020-06-30,1.511,1.511
2020-07-01,1.523,1.523
2020-07-02,1.538,1.538
2020-07-03,1.562,1.562
2020-07-06,1.618,1.618
2020-07-07,1.631,1.631
2020-07-08,1.637,1.637
2020-07-09,1.653,1.653
2020-07-10,1.642,1.642
2020-07-13,1.659,1.659
2020-07-14,1.655,1.655
2020-07-15,1.647,1.647
2020-07-16,1.664,1.664
2020-07-17,1.671,1.671
2020-07-20,1.685,1.685
2020-07-21,1.684,1.684
2020-07-22,1.705,1.705
2020-07-23,1.706,1.706
2020-07-24,1.7,1.7
2020-07-27,1.707,1.707
2020-07-28,1.666,1.666
2020-07-29,1.659,1.659
2020-07-30,1.656,1.656
2020-07-31,1.65,1.65
2020-08-03,1.67,1.67
2020-08-04,1.687,1.687
2020-08-05,1.674,1.674
2020-08-06,1.673,1.673
2020-08-07,1.652,1.652
2020-08-10,1.637,1.637
2020-08-11,1.626,1.626
2020-08-12,1.611,1.611
2020-08-13,1.608,1.608
2020-08-14,1.593,1.593
2020-08-17,1.601,1.601
2020-08-18,1.606,1.606
2020-08-19,1.606,1.606
2020-08-20,1.603,1.603
2020-08-21,1.604,1.604
2020-08-24,1.594,1.594
2020-08-25,1.596,1.596
2020-08-26,1.601,1.601
2020-08-27,1.595,1.595
2020-08-28,1.592,1.592
2020-08-31,1.613,1.613
2020-09-01,1.617,1.617
2020-09-02,1.617,1.617
2020-09-03,1.623,1.623
2020-09-04,1.614,1.614
2020-09-07,1.611,1.611
2020-09-08,1.606,1.606
2020-09-09,1.615,1.615
2020-09-10,1.615,1.615
2020-09-11,1.615,1.615
2020-09-14,1.612,1.612
2020-09-15,1.615,1.615
2020-09-16,1.613,1.613
2020-09-17,1.617,1.617
2020-09-18,1.631,1.631
2020-09-21,1.637,1.637
2020-09-22,1.636,1.636
2020-09-23,1.631,1.631
2020-09-24,1.645,1.645
2020-09-25,1.634,1.634
2020-09-28,1.633,1.633
2020-09-30,1.623,1.623
2020-10-09,1.63,1.63
2020-10-12,1.683,1.683
2020-10-13,1.689,1.689
2020-10-14,1.681,1.681
2020-10-15,1.669,1.669
2020-10-16,1.647,1.647
2020-10-19,1.644,1.644
2020-10-20,1.637,1.637
2020-10-21,1.63,1.63
2020-10-22,1.62,1.62
2020-10-23,1.614,1.614
2020-10-26,1.621,1.621
2020-10-27,1.631,1.631
2020-10-28,1.628,1.628
2020-10-29,1.652,1.652
2020-10-30,1.652,1.652
2020-11-02,1.662,1.662
2020-11-03,1.665,1.665
2020-11-04,1.676,1.676
2020-11-05,1.685,1.685
2020-11-06,1.693,1.693
2020-11-09,1.733,1.733
2020-11-10,1.715,1.715
2020-11-11,1.707,1.707
2020-11-12,1.707,1.707
2020-11-13,1.711,1.711
2020-11-16,1.72,1.72
2020-11-17,1.731,1.731
2020-11-18,1.741,1.741
2020-11-19,1.754,1.754
2020-11-20,1.756,1.756
2020-11-23,1.76,1.76
2020-11-24,1.756,1.756
2020-11-25,1.776,1.776
2020-11-26,1.778,1.778
2020-11-27,1.767,1.767
2020-11-30,1.769,1.769
2020-12-01,1.781,1.781
2020-12-02,1.803,1.803
2020-12-03,1.792,1.792
2020-12-04,1.773,1.773
2020-12-07,1.793,1.793
2020-12-08,1.796,1.796
2020-12-09,1.811,1.811
2020-12-10,1.845,1.845
2020-12-11,1.863,1.863
2020-12-14,1.85,1.85
2020-12-15,1.848,1.848
2020-12-16,1.851,1.851
2020-12-17,1.854,1.854
2020-12-18,1.865,1.865
2020-12-21,1.887,1.887
2020-12-22,1.873,1.873
2020-12-23,1.881,1.881
2020-12-24,1.872,1.872
2020-12-25,1.869,1.869
2020-12-28,1.845,1.845
2020-12-29,1.836,1.836
2020-12-30,1.844,1.844
2020-12-31,1.856,1.856
2021-01-04,1.873,1.873
2021-01-05,1.902,1.902
2021-01-06,1.905,1.905
2021-01-07,1.924,1.924
2021-01-08,1.919,1.919
2021-01-11,1.918,1.918
2021-01-12,1.925,1.925
2021-01-13,1.913,1.913
2021-01-14,1.908,1.908
2021-01-15,1.9,1.9
2021-01-18,1.883,1.883
2021-01-19,1.879,1.879
2021-01-20,1.856,1.856
2021-01-21,1.834,1.834
2021-01-22,1.835,1.835
2021-01-25,1.824,1.824
2021-01-26,1.828,1.828
2021-01-27,1.82,1.82
2021-01-28,1.847,1.847
2021-01-29,1.856,1.856
2021-02-01,1.83,1.83
2021-02-02,1.829,1.829
2021-02-03,1.835,1.835
2021-02-04,1.82,1.82
2021-02-05,1.836,1.836
2021-02-08,1.842,1.842
2021-02-09,1.873,1.873
2021-02-10,1.897,1.897
2021-02-18,1.934,1.934
2021-02-19,1.952,1.952
2021-02-22,2.03,2.03
2021-02-23,2.055,2.055
2021-02-24,2.08,2.08
2021-02-25,2.096,2.096
2021-02-26,2.053,2.053
2021-03-01,2.055,2.055
2021-03-02,2.059,2.059
2021-03-03,2.069,2.069
2021-03-04,2.081,2.081
2021-03-05,2.058,2.058
2021-03-08,2.094,2.094
2021-03-09,2.107,2.107
2021-03-10,2.077,2.077
2021-03-11,2.072,2.072
2021-03-12,2.068,2.068
2021-03-15,2.04,2.04
2021-03-16,2.045,2.045
2021-03-17,2.008,2.008
2021-03-18,2.0,2.0
2021-03-19,2.013,2.013
2021-03-22,2.006,2.006
2021-03-23,2.028,2.028
2021-03-24,2.034,2.034
2021-03-25,2.042,2.042
2021-03-26,2.022,2.022
2021-03-29,2.024,2.024
2021-03-30,2.04,2.04
2021-03-31,2.041,2.041
2021-04-01,2.041,2.041
2021-04-02,2.047,2.047
2021-04-06,2.048,2.048
2021-04-07,2.037,2.037
2021-04-08,2.017,2.017
2021-04-09,2.018,2.018
2021-04-12,2.014,2.014
2021-04-13,2.017,2.017
2021-04-14,2.021,2.021
2021-04-15,2.017,2.017
2021-04-16,2.032,2.032
2021-04-19,2.056,2.056
2021-04-20,2.052,2.052
2021-04-21,2.053,2.053
2021-04-22,2.077,2.077
2021-04-23,2.081,2.081
2021-04-26,2.085,2.085
2021-04-27,2.095,2.095
2021-04-28,2.063,2.063
2021-04-29,2.062,2.062
2021-04-30,2.047,2.047
2021-05-06,2.071,2.071
2021-05-07,2.141,2.141
2021-05-10,2.193,2.193
2021-05-11,2.198,2.198
2021-05-12,2.219,2.219
2021-05-13,2.19,2.19
2021-05-14,2.167,2.167
2021-05-17,2.171,2.171
2021-05-18,2.176,2.176
2021-05-19,2.174,2.174
2021-05-20,2.154,2.154
2021-05-21,2.166,2.166
2021-05-24,2.161,2.161
2021-05-25,2.167,2.167
2021-05-26,2.165,2.165
2021-05-27,2.174,2.174
2021-05-28,2.165,2.165
2021-05-31,2.169,2.169
2021-06-01,2.158,2.158
2021-06-02,2.155,2.155
2021-06-03,2.173,2.173
2021-06-04,2.162,2.162
2021-06-07,2.157,2.157
2021-06-08,2.152,2.152
2021-06-09,2.139,2.139
2021-06-10,2.125,2.125
2021-06-11,2.123,2.123
2021-06-15,2.098,2.098
2021-06-16,2.101,2.101
2021-06-17,2.091,2.091
2021-06-18,2.095,2.095
2021-06-21,2.089,2.089
2021-06-22,2.073,2.073
2021-06-23,2.078,2.078
2021-06-24,2.088,2.088
2021-06-25,2.112,2.112
2021-06-28,2.089,2.089
2021-06-29,2.067,2.067
2021-06-30,2.059,2.059
2021-07-01,2.048,2.048
2021-07-02,2.055,2.055
2021-07-05,2.044,2.044
2021-07-06,2.067,2.067
2021-07-07,2.024,2.024
2021-07-08,2.026,2.026
2021-07-09,2.022,2.022
2021-07-12,2.03,2.03
2021-07-13,2.025,2.025
2021-07-14,2.017,2.017
2021-07-15,2.003,2.003
2021-07-16,2.01,2.01
2021-07-19,2.018,2.018
2021-07-20,1.988,1.988
2021-07-21,1.983,1.983
2021-07-22,1.964,1.964
2021-07-23,1.958,1.958
2021-07-26,1.991,1.991
2021-07-27,2.024,2.024
2021-07-28,2.024,2.024
2021-07-29,1.993,1.993
2021-07-30,2.002,2.002
2021-08-02,1.995,1.995
2021-08-03,1.985,1.985
2021-08-04,1.995,1.995
2021-08-05,2.003,2.003
2021-08-06,1.999,1.999
2021-08-09,2.001,2.001
2021-08-10,2.01,2.01
2021-08-11,2.016,2.016
2021-08-12,2.012,2.012
2021-08-13,2.004,2.004
2021-08-16,1.988,1.988
2021-08-17,1.994,1.994
2021-08-18,1.975,1.975
2021-08-19,1.97,1.97
2021-08-20,1.988,1.988
2021-08-23,1.98,1.98
2021-08-24,1.984,1.984
2021-08-25,1.988,1.988
2021-08-26,1.985,1.985
2021-08-27,1.97,1.97
2021-08-30,1.961,1.961
2021-08-31,1.967,1.967
2021-09-01,1.948,1.948
2021-09-02,1.94,1.94
2021-09-03,1.92,1.92
2021-09-06,1.931,1.931
2021-09-07,1.956,1.956
2021-09-08,1.954,1.954
2021-09-09,1.967,1.967
2021-09-10,1.965,1.965
2021-09-13,1.965,1.965
2021-09-14,1.955,1.955
2021-09-15,1.965,1.965
2021-09-16,1.996,1.996
2021-09-17,1.975,1.975
2021-09-22,1.967,1.967
2021-09-23,1.953,1.953
2021-09-24,1.955,1.955
2021-09-27,1.949,1.949
2021-09-28,1.93,1.93
2021-09-29,1.928,1.928
2021-09-30,1.946,1.946
2021-10-08,1.976,1.976
2021-10-11,1.997,1.997
2021-10-12,1.986,1.986
2021-10-13,1.987,1.987
2021-10-14,1.979,1.979
2021-10-15,1.997,1.997
2021-10-18,2.008,2.008
2021-10-19,1.999,1.999
2021-10-20,1.992,1.992
2021-10-21,1.979,1.979
2021-10-22,1.984,1.984
2021-10-25,1.995,1.995
2021-10-26,2.001,2.001
2021-10-27,2.014,2.014
2021-10-28,2.02,2.02
2021-10-29,2.014,2.014
2021-11-01,2.013,2.013
2021-11-02,2.022,2.022
2021-11-03,2.023,2.023
2021-11-04,2.023,2.023
2021-11-05,2.028,2.028
2021-11-08,2.019,2.019
2021-11-09,2.019,2.019
2021-11-10,2.02,2.02
2021-11-11,2.014,2.014
2021-11-12,2.02,2.02
2021-11-15,2.017,2.017
2021-11-16,2.018,2.018
2021-11-17,2.016,2.016
2021-11-18,2.02,2.02
2021-11-19,2.005,2.005
2021-11-22,1.997,1.997
2021-11-23,1.998,1.998
2021-11-24,2.003,2.003
2021-11-25,2.005,2.005
2021-11-26,1.992,1.992
2021-11-29,1.991,1.991
2021-11-30,2.004,2.004
2021-12-01,2.017,2.017
2021-12-02,2.017,2.017
2021-12-03,2.023,2.023
2021-12-06,2.014,2.014
2021-12-07,2.003,2.003
2021-12-08,1.992,1.992
2021-12-09,1.991,1.991
2021-12-10,1.991,1.991
2021-12-13,1.981,1.981
2021-12-14,1.981,1.981
2021-12-15,1.98,1.98
2021-12-16,1.973,1.973
2021-12-17,1.969,1.969
2021-12-20,1.959,1.959
2021-12-21,1.955,1.955
2021-12-22,1.948,1.948
2021-12-23,1.954,1.954
2021-12-24,1.962,1.962
2021-12-27,1.951,1.951
2021-12-28,1.955,1.955
2021-12-29,1.952,1.952
2021-12-30,1.954,1.954
2021-12-31,1.943,1.943
2022-01-04,1.934,1.934
2022-01-05,1.936,1.936
2022-01-06,1.922,1.922
2022-01-07,1.925,1.925
2022-01-10,1.921,1.921
2022-01-11,1.921,1.921
2022-01-12,1.939,1.939
2022-01-13,1.953,1.953
2022-01-14,1.947,1.947
2022-01-17,1.935,1.935
2022-01-18,1.928,1.928
2022-01-19,1.941,1.941
2022-01-20,1.953,1.953
2022-01-21,1.965,1.965
2022-01-24,1.963,1.963
2022-01-25,1.936,1.936
2022-01-26,1.939,1.939
2022-01-27,1.966,1.966
2022-01-28,1.978,1.978
2022-02-07,2.01,2.01
2022-02-08,2.007,2.007
2022-02-09,1.976,1.976
2022-02-10,1.988,1.988
2022-02-11,1.98,1.98
2022-02-14,1.966,1.966
2022-02-15,1.962,1.962
2022-02-16,1.953,1.953
2022-02-17,1.956,1.956
2022-02-18,1.959,1.959
2022-02-21,1.961,1.961
2022-02-22,1.971,1.971
2022-02-23,1.979,1.979
2022-02-24,2.006,2.006
2022-02-25,2.004,2.004
2022-02-28,1.992,1.992
2022-03-01,2.024,2.024
2022-03-02,2.033,2.033
2022-03-03,2.051,2.051
2022-03-04,2.058,2.058
2022-03-07,2.09,2.09
2022-03-08,2.135,2.135
2022-03-09,2.202,2.202
2022-03-10,2.182,2.182
2022-03-11,2.127,2.127
2022-03-14,2.087,2.087
2022-03-15,2.096,2.096
2022-03-16,2.093,2.093
2022-03-17,2.088,2.088
2022-03-18,2.08,2.08
2022-03-21,2.081,2.081
2022-03-22,2.093,2.093
2022-03-23,2.091,2.091
2022-03-24,2.09,2.09
2022-03-25,2.076,2.076
2022-03-28,2.066,2.066
2022-03-29,2.057,2.057
2022-03-30,2.05,2.05
2022-03-31,2.058,2.058
2022-04-01,2.052,2.052
2022-04-06,2.044,2.044
2022-04-07,2.034,2.034
2022-04-08,2.033,2.033
2022-04-11,2.038,2.038
2022-04-12,2.045,2.045
2022-04-13,2.058,2.058
2022-04-14,2.057,2.057
2022-04-15,2.076,2.076
2022-04-18,2.085,2.085
2022-04-19,2.082,2.082
2022-04-20,2.066,2.066
2022-04-21,2.066,2.066
2022-04-22,2.066,2.066
2022-04-25,2.062,2.062
2022-04-26,2.056,2.056
2022-04-27,2.073,2.073
2022-04-28,2.075,2.075
2022-04-29,2.087,2.087
2022-05-05,2.086,2.086
2022-05-06,2.076,2.076
2022-05-09,2.078,2.078
2022-05-10,2.061,2.061
2022-05-11,2.048,2.048
2022-05-12,2.053,2.053
2022-05-13,2.056,2.056
2022-05-16,2.053,2.053
2022-05-17,2.05,2.05
2022-05-18,2.053,2.053
2022-05-19,2.045,2.045
2022-05-20,2.042,2.042
2022-05-23,2.052,2.052
2022-05-24,2.044,2.044
2022-05-25,2.055,2.055
2022-05-26,2.055,2.055
2022-05-27,2.072,2.072
2022-05-30,2.069,2.069
2022-05-31,2.068,2.068
2022-06-01,2.056,2.056
2022-06-02,2.05,2.05
2022-06-06,2.074,2.074
2022-06-07,2.082,2.082
2022-06-08,2.096,2.096
2022-06-09,2.097,2.097
2022-06-10,2.091,2.091
2022-06-13,2.071,2.071
2022-06-14,2.068,2.068
2022-06-15,2.073,2.073
2022-06-16,2.056,2.056
2022-06-17,2.043,2.043
2022-06-20,2.04,2.04
2022-06-21,2.042,2.042
2022-06-22,2.037,2.037
2022-06-23,2.039,2.039
2022-06-24,2.041,2.041
2022-06-27,2.039,2.039
2022-06-28,2.042,2.042
2022-06-29,2.045,2.045
2022-06-30,2.049,2.049
2022-07-01,2.044,2.044
2022-07-04,2.05,2.05
2022-07-05,1.053,2.053
2022-07-06,1.061,2.061
2022-07-07,1.049,2.049
2022-07-08,1.045,2.045
2022-07-11,1.052,2.052
2022-07-12,1.06,2.06
2022-07-13,1.06,2.06
2022-07-14,1.055,2.055
2022-07-15,1.055,2.055
2022-07-18,1.051,2.051
2022-07-19,1.049,2.049
2022-07-20,1.054,2.054
2022-07-21,1.055,2.055
2022-07-22,1.062,2.062
2022-07-25,1.064,2.064
2022-07-26,1.071,2.071
2022-07-27,1.064,2.064
2022-07-28,1.059,2.059
2022-07-29,1.063,2.063
2022-08-01,1.071,2.071
2022-08-02,1.074,2.074
2022-08-03,1.072,2.072
2022-08-04,1.063,2.063
2022-08-05,1.064,2.064
2022-08-08,1.058,2.058
2022-08-09,1.063,2.063
2022-08-10,1.065,2.065
2022-08-11,1.071,2.071
2022-08-12,1.074,2.074
2022-08-15,1.069,2.069
2022-08-16,1.051,2.051
2022-08-17,1.055,2.055
2022-08-18,1.057,2.057
2022-08-19,1.062,2.062
2022-08-22,1.05,2.05
2022-08-23,1.044,2.044
2022-08-24,1.054,2.054
2022-08-25,1.055,2.055
2022-08-26,1.043,2.043
2022-08-29,1.034,2.034
2022-08-30,1.036,2.036
2022-08-31,1.034,2.034
2022-09-01,1.04,2.04
2022-09-02,1.049,2.049
2022-09-05,1.048,2.048
2022-09-06,1.055,2.055
2022-09-07,1.049,2.049
2022-09-08,1.047,2.047
2022-09-09,1.047,2.047
2022-09-13,1.057,2.057
2022-09-14,1.053,2.053
2022-09-15,1.044,2.044
2022-09-16,1.039,2.039
2022-09-19,1.039,2.039
2022-09-20,1.044,2.044
2022-09-21,1.044,2.044
2022-09-22,1.038,2.038
2022-09-23,1.038,2.038
2022-09-26,1.035,2.035
2022-09-27,1.037,2.037
2022-09-28,1.033,2.033
2022-09-29,1.033,2.033
2022-09-30,1.034,2.034
2022-10-10,1.031,2.031
2022-10-11,1.03,2.03
2022-10-12,1.036,2.036
2022-10-13,1.037,2.037
2022-10-14,1.04,2.04
2022-10-17,1.041,2.041
2022-10-18,1.049,2.049
2022-10-19,1.044,2.044
2022-10-20,1.045,2.045
2022-10-21,1.047,2.047
2022-10-24,1.044,2.044
2022-10-25,1.05,2.05
2022-10-26,1.051,2.051
2022-10-27,1.055,2.055
2022-10-28,1.059,2.059
2022-10-31,1.065,2.065
2022-11-01,1.061,2.061
2022-11-02,1.06,2.06
2022-11-03,1.052,2.052
2022-11-04,1.05,2.05
2022-11-07,1.049,2.049
2022-11-08,1.045,2.045
2022-11-09,1.043,2.043
2022-11-10,1.048,2.048
2022-11-11,1.039,2.039
2022-11-14,1.034,2.034
2022-11-15,1.038,2.038
2022-11-16,1.038,2.038
2022-11-17,1.04,2.04
2022-11-18,1.039,2.039
2022-11-21,1.039,2.039
2022-11-22,1.04,2.04
2022-11-23,1.036,2.036
2022-11-24,1.035,2.035
2022-11-25,1.035,2.035
2022-11-28,1.03,2.03
2022-11-29,1.023,2.023
2022-11-30,1.02,2.02
2022-12-01,1.017,2.017
2022-12-02,1.02,2.02
2022-12-05,1.027,2.027
2022-12-06,1.033,2.033
2022-12-07,1.04,2.04
2022-12-08,1.045,2.045
2022-12-09,1.048,2.048
2022-12-12,1.05,2.05
2022-12-13,1.042,2.042
2022-12-14,1.038,2.038
2022-12-15,1.036,2.036
2022-12-16,1.037,2.037
2022-12-19,1.027,2.027
2022-12-20,1.024,2.024
2022-12-21,1.021,2.021
2022-12-22,1.018,2.018
2022-12-23,1.019,2.019
2022-12-26,1.024,2.024
2022-12-27,1.023,2.023
2022-12-28,1.021,2.021
2022-12-29,1.022,2.022
2022-12-30,1.025,2.025
2023-01-03,1.019,2.019
2023-01-04,1.024,2.024
2023-01-05,1.027,2.027
2023-01-06,1.023,2.023
2023-01-09,1.018,2.018
2023-01-10,1.013,2.013
2023-01-11,1.01,2.01
2023-01-12,1.005,2.005
2023-01-13,1.003,2.003
2023-01-16,0.998,1.998
2023-01-17,0.993,1.993
2023-01-18,0.99,1.99
2023-01-19,0.992,1.992
2023-01-20,0.995,1.995
2023-01-30,1.003,2.003
2023-01-31,1.008,2.008
2023-02-01,1.007,2.007
2023-02-02,1.006,2.006
2023-02-03,1.01,2.01
2023-02-06,1.007,2.007
2023-02-07,1.005,2.005
2023-02-08,1.005,2.005
2023-02-09,1.0,2.0
2023-02-10,1.004,2.004
2023-02-13,1.006,2.006
2023-02-14,1.003,2.003
2023-02-15,0.998,1.998
2023-02-16,0.997,1.997
2023-02-17,0.999,1.999
2023-02-20,0.997,1.997
2023-02-21,0.992,1.992
2023-02-22,0.992,1.992
2023-02-23,0.989,1.989
2023-02-24,0.987,1.987
2023-02-27,0.986,1.986
2023-02-28,0.986,1.986
2023-03-01,0.981,1.981
2023-03-02,0.981,1.981
2023-03-03,0.983,1.983
2023-03-06,0.979,1.979
2023-03-07,0.977,1.977
2023-03-08,0.98,1.98
2023-03-09,0.982,1.982
2023-03-10,0.991,1.991
2023-03-13,0.994,1.994
2023-03-14,1.0,2.0
2023-03-15,0.998,1.998
2023-03-16,1.009,2.009
2023-03-17,1.011,2.011
2023-03-20,1.008,2.008
2023-03-21,1.009,2.009
2023-03-22,1.011,2.011
2023-03-23,1.012,2.012
2023-03-24,1.016,2.016
2023-03-27,1.014,2.014
2023-03-28,1.008,2.008
2023-03-29,1.008,2.008
2023-03-30,1.01,2.01
2023-03-31,1.011,2.011
2023-04-03,1.01,2.01
2023-04-04,1.008,2.008
2023-04-06,1.008,2.008
2023-04-07,1.008,2.008
2023-04-10,1.008,2.008
2023-04-11,1.007,2.007
2023-04-12,1.006,2.006
2023-04-13,1.007,2.007
2023-04-14,1.011,2.011
2023-04-17,1.01,2.01
2023-04-18,1.01,2.01
2023-04-19,1.011,2.011
2023-04-20,1.009,2.009
2023-04-21,1.011,2.011
2023-04-24,1.01,2.01
2023-04-28,1.015,2.015
2023-05-05,1.024,2.024
2023-05-12,1.016,2.016
2023-05-19,1.007,2.007
2023-05-26,1.008,2.008
2023-05-31,1.007,2.007
2023-06-02,1.012,2.012
2023-06-09,1.009,2.009
2023-06-16,1.002,2.002
2023-06-21,0.999,1.999
2023-06-30,0.998,1.998
2023-07-07,0.997,1.997
2023-07-14,0.998,1.998
2023-07-21,0.995,1.995
2023-07-28,0.993,1.993
2023-07-31,0.992,1.992
2023-08-04,0.99,1.99
2023-08-11,0.993,1.993
2023-08-18,1.003,2.003
2023-08-25,1.011,2.011
2023-08-31,1.019,2.019
2023-09-01,1.028,2.028
2023-09-08,1.013,2.013
2023-09-15,1.017,2.017
2023-09-22,1.017,2.017
2023-09-28,1.001,2.001
2023-10-13,0.985,1.985
2023-10-20,0.999,1.999
2023-10-27,0.991,1.991
2023-10-31,1.008,2.008
2023-11-03,1.023,2.023
2023-11-10,1.041,2.041
2023-11-17,1.047,2.047
2023-11-24,1.035,2.035
2023-11-30,1.027,2.027
2023-12-01,1.034,2.034
2023-12-08,1.0,2.0
2023-12-15,1.021,2.021
2023-12-22,1.012,2.012
2023-12-29,1.016,2.016
2024-01-05,1.014,2.014
2024-01-12,1.029,2.029
2024-01-19,1.032,2.032
2024-01-26,1.043,2.043
2024-01-31,1.047,2.047
2024-02-02,1.043,2.043
2024-02-08,1.044,2.044
2024-02-23,1.043,2.043
2024-02-29,1.043,2.043
2024-03-01,1.044,2.044
2024-03-08,1.048,2.048
2024-03-15,1.058,2.058
2024-03-22,1.055,2.055
2024-03-29,1.047,2.047
2024-04-03,1.048,2.048
2024-04-12,1.035,2.035
2024-04-19,1.039,2.039
2024-04-26,1.037,2.037
2024-04-30,1.038,2.038
2024-05-10,1.035,2.035
2024-05-17,1.049,2.049
2024-05-24,1.048,2.048
2024-05-31,1.048,2.048
2024-06-07,1.041,2.041
2024-06-14,1.044,2.044
2024-06-21,1.057,2.057
2024-06-28,1.066,2.066
2024-07-05,1.072,2.072
2024-07-12,1.094,2.094
2024-07-19,1.086,2.086
2024-07-26,1.079,2.079
2024-07-31,1.1,2.1
2024-08-02,1.097,2.097
2024-08-09,1.117,2.117
2024-08-16,1.113,2.113
2024-08-23,1.122,2.122
2024-08-30,1.127,2.127
2024-09-06,1.108,2.108
2024-09-13,1.104,2.104
2024-09-20,1.109,2.109
2024-09-27,1.132,2.132
2024-09-30,1.139,2.139
2024-10-11,1.155,2.155
2024-10-18,1.172,2.172
2024-10-25,1.159,2.159
2024-11-01,1.166,2.166
2024-11-08,1.173,2.173
2024-11-15,1.189,2.189
2024-11-22,1.186,2.186
2024-11-29,1.178,2.178
2024-12-06,1.172,2.172
2024-12-13,1.166,2.166
2024-12-20,1.175,2.175
2024-12-27,1.184,2.184
2025-01-03,1.192,2.192
2025-01-10,1.186,2.186
2025-01-17,1.178,2.178
2025-01-24,1.171,2.171
2025-01-27,1.172,2.172
2025-02-07,1.179,2.179
2025-02-14,1.183,2.183
2025-02-21,1.192,2.192
2025-02-28,1.188,2.188
2025-03-07,1.193,2.193
2025-03-14,1.184,2.184
2025-03-21,1.183,2.183
2025-03-28,1.172,2.172
2025-04-03,1.167,2.167
2025-04-11,1.173,2.173
