date,nav_adjusted,H11009.CSI,excess_nav
2019-01-31,1.0002,1.0,1.0002
2019-02-01,1.0001,1.0004,0.9997
2019-02-11,0.9997,1.0019,0.9978
2019-02-12,0.9997,1.0023,0.9974
2019-02-13,0.9996,1.0026,0.997
2019-02-14,0.9996,1.0027,0.9969
2019-02-15,0.9995,1.0029,0.9966
2019-02-18,0.9994,1.0028,0.9966
2019-02-19,0.9994,1.0025,0.9969
2019-02-20,0.9993,1.0027,0.9966
2019-02-21,0.9993,1.0027,0.9966
2019-02-22,0.9992,1.0026,0.9966
2019-02-25,0.9991,1.0023,0.9968
2019-02-26,0.9991,1.0013,0.9978
2019-02-27,0.999,1.0009,0.9981
2019-02-28,0.999,1.0011,0.9979
2019-03-01,0.9989,1.0007,0.9982
2019-03-04,0.9988,1.0004,0.9984
2019-03-05,0.9987,1.0001,0.9986
2019-03-06,0.9956,0.9999,0.9957
2019-03-07,0.9972,1.0004,0.9968
2019-03-08,0.9829,1.0015,0.9814
2019-03-11,0.9861,1.002,0.9841
2019-03-12,0.9862,1.0018,0.9844
2019-03-13,0.9838,1.0017,0.9821
2019-03-14,0.983,1.0016,0.9814
2019-03-15,0.9968,1.0014,0.9954
2019-03-18,1.0128,1.0016,1.0112
2019-03-19,1.0093,1.0015,1.0078
2019-03-20,1.0072,1.0016,1.0056
2019-03-21,1.0059,1.0019,1.004
2019-03-22,1.0068,1.0023,1.0045
2019-03-25,1.0003,1.0032,0.9971
2019-03-26,0.9962,1.0038,0.9924
2019-03-27,1.0034,1.0039,0.9995
2019-03-28,1.0097,1.0043,1.0054
2019-03-29,1.0344,1.0046,1.0298
2019-04-01,1.0461,1.0041,1.042
2019-04-02,1.0429,1.0036,1.0393
2019-04-03,1.0517,1.0025,1.0492
2019-04-04,1.0586,1.0016,1.057
2019-04-08,1.0548,1.0017,1.0531
2019-04-09,1.0635,1.0013,1.0622
2019-04-10,1.0609,1.0004,1.0605
2019-04-11,1.0508,1.0005,1.0503
2019-04-12,1.0508,1.0007,1.0501
2019-04-15,1.0448,0.9994,1.0454
2019-04-16,1.0575,0.998,1.0595
2019-04-17,1.0567,0.9976,1.0591
2019-04-18,1.0569,0.9979,1.059
2019-04-19,1.0638,0.9986,1.0652
2019-04-22,1.0514,0.9986,1.0528
2019-04-23,1.0531,0.9981,1.055
2019-04-24,1.0553,0.9977,1.0576
2019-04-25,1.0472,0.9978,1.0494
2019-04-26,1.0433,0.9981,1.0452
2019-04-29,1.0506,0.998,1.0526
2019-04-30,1.053,0.9985,1.0545
2019-05-06,1.0179,1.0005,1.0174
2019-05-07,1.0223,1.001,1.0213
2019-05-08,1.0108,1.0015,1.0093
2019-05-09,1.0008,1.0023,0.9985
2019-05-10,1.0087,1.0027,1.006
2019-05-13,1.0036,1.0036,1.0
2019-05-14,1.0088,1.004,1.0048
2019-05-15,1.0142,1.004,1.0102
2019-05-16,1.013,1.0044,1.0086
2019-05-17,1.014,1.0046,1.0094
2019-05-20,1.0142,1.005,1.0092
2019-05-21,1.0237,1.0048,1.0189
2019-05-22,1.0453,1.0043,1.041
2019-05-23,1.0506,1.0045,1.0461
2019-05-24,1.0489,1.0048,1.0441
2019-05-27,1.0553,1.0045,1.0508
2019-05-28,1.0497,1.0041,1.0456
2019-05-29,1.0325,1.0049,1.0276
2019-05-30,1.0282,1.0054,1.0228
2019-05-31,1.0236,1.0058,1.0178
2019-06-03,1.033,1.0063,1.0267
2019-06-04,1.0318,1.0069,1.0249
2019-06-05,1.0284,1.0074,1.021
2019-06-06,1.0285,1.0077,1.0208
2019-06-10,1.0237,1.008,1.0157
2019-06-11,1.0372,1.0074,1.0298
2019-06-12,1.0423,1.0075,1.0348
2019-06-13,1.0379,1.0077,1.0302
2019-06-14,1.0403,1.008,1.0323
2019-06-17,1.0355,1.0087,1.0268
2019-06-18,1.0369,1.0088,1.0281
2019-06-19,1.0487,1.009,1.0397
2019-06-20,1.066,1.0095,1.0565
2019-06-21,1.0698,1.0098,1.06
2019-06-24,1.074,1.0101,1.0639
2019-06-25,1.0708,1.0102,1.0606
2019-06-26,1.0641,1.0104,1.0537
2019-06-27,1.0792,1.0106,1.0686
2019-06-28,1.087,1.011,1.076
2019-07-01,1.1095,1.0115,1.098
2019-07-02,1.1211,1.0125,1.1086
2019-07-03,1.122,1.0135,1.1085
2019-07-04,1.104,1.0141,1.0899
2019-07-05,1.0902,1.0143,1.0759
2019-07-08,1.0843,1.0143,1.07
2019-07-09,1.1125,1.0142,1.0983
2019-07-10,1.1204,1.0144,1.106
2019-07-11,1.1098,1.0147,1.0951
2019-07-12,1.1163,1.0148,1.1015
2019-07-15,1.1139,1.0151,1.0988
2019-07-16,1.1286,1.0151,1.1135
2019-07-17,1.1229,1.0152,1.1077
2019-07-18,1.1234,1.0154,1.108
2019-07-19,1.1265,1.0155,1.111
2019-07-22,1.1166,1.0159,1.1007
2019-07-23,1.1097,1.0163,1.0934
2019-07-24,1.1044,1.0163,1.0881
2019-07-25,1.0992,1.0164,1.0828
2019-07-26,1.1014,1.0166,1.0848
2019-07-29,1.1001,1.0167,1.0834
2019-07-30,1.1017,1.0166,1.0851
2019-07-31,1.099,1.0171,1.0819
2019-08-01,1.0945,1.0176,1.0769
2019-08-02,1.103,1.0187,1.0843
2019-08-05,1.1014,1.02,1.0814
2019-08-06,1.1023,1.0208,1.0815
2019-08-07,1.0999,1.021,1.0789
2019-08-08,1.1022,1.0213,1.0809
2019-08-09,1.1081,1.022,1.0861
2019-08-12,1.1091,1.0223,1.0868
2019-08-13,1.0972,1.0228,1.0744
2019-08-14,1.0929,1.0233,1.0696
2019-08-15,1.0977,1.0237,1.074
2019-08-16,1.1023,1.0237,1.0786
2019-08-19,1.1073,1.024,1.0833
2019-08-20,1.1046,1.0241,1.0805
2019-08-21,1.1188,1.0239,1.0949
2019-08-22,1.115,1.0236,1.0914
2019-08-23,1.1153,1.0236,1.0917
2019-08-26,1.1136,1.0241,1.0895
2019-08-27,1.1274,1.0241,1.1033
2019-08-28,1.1285,1.024,1.1045
2019-08-29,1.1213,1.0242,1.0971
2019-08-30,1.1207,1.0238,1.0969
2019-09-02,1.1253,1.0238,1.1015
2019-09-03,1.1322,1.0236,1.1086
2019-09-04,1.1279,1.0237,1.1042
2019-09-05,1.1233,1.0247,1.0986
2019-09-06,1.1267,1.0254,1.1013
2019-09-09,1.124,1.0258,1.0982
2019-09-10,1.125,1.0257,1.0993
2019-09-11,1.1216,1.0255,1.0961
2019-09-12,1.1308,1.0252,1.1056
2019-09-16,1.118,1.0253,1.0927
2019-09-17,1.1034,1.0254,1.078
2019-09-18,1.1067,1.0251,1.0816
2019-09-19,1.1092,1.0251,1.0841
2019-09-20,1.1164,1.025,1.0914
2019-09-23,1.1018,1.0252,1.0766
2019-09-24,1.1004,1.0252,1.0752
2019-09-25,1.1057,1.0251,1.0806
2019-09-26,1.104,1.0249,1.0791
2019-09-27,1.1224,1.0247,1.0977
2019-09-30,1.1188,1.0251,1.0937
2019-10-08,1.1185,1.0261,1.0924
2019-10-09,1.1131,1.0264,1.0867
2019-10-10,1.1118,1.0263,1.0855
2019-10-11,1.1161,1.0261,1.09
2019-10-14,1.1148,1.0259,1.0889
2019-10-15,1.1272,1.0258,1.1014
2019-10-16,1.1268,1.0258,1.101
2019-10-17,1.1348,1.026,1.1088
2019-10-18,1.1274,1.0259,1.1015
2019-10-21,1.1298,1.0258,1.104
2019-10-22,1.132,1.0253,1.1067
2019-10-23,1.122,1.0254,1.0966
2019-10-24,1.123,1.0253,1.0977
2019-10-25,1.1209,1.0253,1.0956
2019-10-28,1.1242,1.0248,1.0994
2019-10-29,1.1214,1.0243,1.0971
2019-10-30,1.1147,1.0235,1.0912
2019-10-31,1.1121,1.0233,1.0888
2019-11-01,1.1236,1.0235,1.1001
2019-11-04,1.1214,1.0237,1.0977
2019-11-05,1.118,1.0241,1.0939
2019-11-06,1.123,1.0248,1.0982
2019-11-07,1.1303,1.0252,1.1051
2019-11-08,1.1314,1.0251,1.1063
2019-11-11,1.1366,1.0257,1.1109
2019-11-12,1.1407,1.0261,1.1146
2019-11-13,1.1419,1.0264,1.1155
2019-11-14,1.1398,1.0266,1.1132
2019-11-15,1.1476,1.0269,1.1207
2019-11-18,1.1504,1.0282,1.1222
2019-11-19,1.1541,1.029,1.1251
2019-11-20,1.1579,1.0297,1.1282
2019-11-21,1.1501,1.0303,1.1198
2019-11-22,1.1378,1.0305,1.1073
2019-11-25,1.1412,1.0305,1.1107
2019-11-26,1.1375,1.0305,1.107
2019-11-27,1.1343,1.0307,1.1036
2019-11-28,1.1336,1.0309,1.1027
2019-11-29,1.1308,1.0312,1.0996
2019-12-02,1.1311,1.0312,1.0999
2019-12-03,1.1308,1.0311,1.0997
2019-12-04,1.1267,1.0314,1.0953
2019-12-05,1.1269,1.0317,1.0952
2019-12-06,1.1211,1.0317,1.0894
2019-12-09,1.1241,1.0319,1.0922
2019-12-10,1.1326,1.0321,1.1005
2019-12-11,1.1344,1.0323,1.1021
2019-12-12,1.1279,1.0327,1.0952
2019-12-13,1.1327,1.0328,1.0999
2019-12-16,1.1262,1.0329,1.0933
2019-12-17,1.13,1.0328,1.0972
2019-12-18,1.1297,1.0328,1.0969
2019-12-19,1.135,1.033,1.102
2019-12-20,1.1367,1.0337,1.103
2019-12-23,1.1315,1.0345,1.097
2019-12-24,1.1263,1.0352,1.0911
2019-12-25,1.1219,1.0358,1.0861
2019-12-26,1.1233,1.0364,1.0869
2019-12-27,1.1312,1.0369,1.0943
2019-12-30,1.1358,1.0372,1.0986
2019-12-31,1.1397,1.0375,1.1022
2020-01-02,1.1468,1.0376,1.1092
2020-01-03,1.1518,1.0375,1.1143
2020-01-06,1.1459,1.038,1.1079
2020-01-07,1.1441,1.0383,1.1058
2020-01-08,1.1412,1.0386,1.1026
2020-01-09,1.1464,1.0388,1.1076
2020-01-10,1.1542,1.0394,1.1148
2020-01-13,1.1492,1.0401,1.1091
2020-01-14,1.1532,1.0402,1.113
2020-01-15,1.1492,1.0402,1.109
2020-01-16,1.137,1.0403,1.0967
2020-01-17,1.1392,1.0406,1.0986
2020-01-20,1.1423,1.0415,1.1008
2020-01-21,1.1329,1.0422,1.0907
2020-01-22,1.1414,1.0429,1.0985
2020-01-23,1.1312,1.0437,1.0875
2020-02-03,1.1307,1.0503,1.0804
2020-02-04,1.1394,1.0502,1.0892
2020-02-05,1.1369,1.0503,1.0866
2020-02-06,1.1432,1.0505,1.0927
2020-02-07,1.1376,1.0513,1.0863
2020-02-10,1.1339,1.0524,1.0815
2020-02-11,1.1436,1.0526,1.091
2020-02-12,1.1546,1.0526,1.102
2020-02-13,1.1532,1.0528,1.1004
2020-02-14,1.158,1.0529,1.1051
2020-02-17,1.162,1.0527,1.1093
2020-02-18,1.1563,1.0528,1.1035
2020-02-19,1.152,1.0529,1.0991
2020-02-20,1.1633,1.0528,1.1105
2020-02-21,1.1676,1.0531,1.1145
2020-02-24,1.1852,1.054,1.1312
2020-02-25,1.1804,1.0545,1.1259
2020-02-26,1.1746,1.0548,1.1198
2020-02-27,1.1865,1.0554,1.1311
2020-02-28,1.2064,1.0565,1.1499
2020-03-02,1.2091,1.057,1.1521
2020-03-03,1.205,1.0568,1.1482
2020-03-04,1.2073,1.0579,1.1494
2020-03-05,1.2163,1.0581,1.1582
2020-03-06,1.2164,1.0588,1.1576
2020-03-09,1.2549,1.0623,1.1926
2020-03-10,1.2811,1.0616,1.2195
2020-03-11,1.2866,1.0614,1.2252
2020-03-12,1.3098,1.0612,1.2486
2020-03-13,1.3295,1.0607,1.2688
2020-03-16,1.3183,1.0605,1.2578
2020-03-17,1.3389,1.0599,1.279
2020-03-18,1.3448,1.0595,1.2853
2020-03-19,1.361,1.0593,1.3017
2020-03-20,1.3601,1.0597,1.3004
2020-03-23,1.3514,1.0611,1.2903
2020-03-24,1.3469,1.0616,1.2853
2020-03-25,1.3557,1.0619,1.2938
2020-03-26,1.3578,1.0627,1.2951
2020-03-27,1.3696,1.0634,1.3062
2020-03-30,1.3855,1.0638,1.3217
2020-03-31,1.3739,1.0643,1.3096
2020-04-01,1.3797,1.0653,1.3144
2020-04-02,1.3821,1.0657,1.3164
2020-04-03,1.3768,1.0658,1.311
2020-04-07,1.3625,1.0705,1.292
2020-04-08,1.3626,1.0726,1.29
2020-04-09,1.3642,1.0738,1.2904
2020-04-10,1.3636,1.0738,1.2898
2020-04-13,1.3602,1.0738,1.2864
2020-04-14,1.3767,1.0741,1.3026
2020-04-15,1.37,1.0747,1.2953
2020-04-16,1.3762,1.0755,1.3007
2020-04-17,1.3903,1.0758,1.3145
2020-04-20,1.4065,1.0755,1.331
2020-04-21,1.4024,1.0755,1.3269
2020-04-22,1.4468,1.0763,1.3705
2020-04-23,1.4406,1.0776,1.363
2020-04-24,1.4316,1.0783,1.3533
2020-04-27,1.4472,1.0785,1.3687
2020-04-28,1.4578,1.0787,1.3791
2020-04-29,1.4511,1.0791,1.372
2020-04-30,1.4531,1.0793,1.3738
2020-05-06,1.4453,1.079,1.3663
2020-05-07,1.442,1.0778,1.3642
2020-05-08,1.4544,1.077,1.3774
2020-05-11,1.4492,1.0754,1.3738
2020-05-12,1.4534,1.0743,1.3791
2020-05-13,1.4635,1.0739,1.3896
2020-05-14,1.4605,1.0736,1.3869
2020-05-15,1.4542,1.0738,1.3804
2020-05-18,1.464,1.0737,1.3903
2020-05-19,1.4699,1.0729,1.397
2020-05-20,1.4694,1.0729,1.3965
2020-05-21,1.4667,1.0727,1.394
2020-05-22,1.4623,1.0739,1.3884
2020-05-25,1.4592,1.0735,1.3857
2020-05-26,1.459,1.0721,1.3869
2020-05-27,1.4503,1.07,1.3803
2020-05-28,1.4481,1.0696,1.3785
2020-05-29,1.4582,1.0695,1.3887
2020-06-01,1.4887,1.0697,1.419
2020-06-02,1.4926,1.0674,1.4252
2020-06-03,1.4903,1.0646,1.4257
2020-06-04,1.4895,1.0633,1.4262
2020-06-05,1.4833,1.0613,1.422
2020-06-08,1.4901,1.061,1.4291
2020-06-09,1.4911,1.0613,1.4298
2020-06-10,1.4886,1.0612,1.4274
2020-06-11,1.4831,1.0619,1.4212
2020-06-12,1.4889,1.0628,1.4261
2020-06-15,1.4837,1.0637,1.42
2020-06-16,1.4952,1.0617,1.4335
2020-06-17,1.4917,1.0607,1.431
2020-06-18,1.4922,1.0605,1.4317
2020-06-19,1.5057,1.0605,1.4452
2020-06-22,1.4978,1.0602,1.4376
2020-06-23,1.491,1.059,1.432
2020-06-24,1.4988,1.0597,1.4391
2020-06-29,1.4867,1.0612,1.4255
2020-06-30,1.4991,1.0616,1.4375
2020-07-01,1.5106,1.0619,1.4487
2020-07-02,1.5359,1.0624,1.4735
2020-07-03,1.55,1.0619,1.4881
2020-07-06,1.6073,1.0598,1.5475
2020-07-07,1.6269,1.0574,1.5695
2020-07-08,1.6396,1.0563,1.5833
2020-07-09,1.6573,1.0542,1.6031
2020-07-10,1.6557,1.0539,1.6018
2020-07-13,1.7026,1.0534,1.6492
2020-07-14,1.6861,1.0534,1.6327
2020-07-15,1.674,1.0542,1.6198
2020-07-16,1.6242,1.0551,1.5691
2020-07-17,1.63,1.0553,1.5747
2020-07-20,1.6531,1.0557,1.5974
2020-07-21,1.6683,1.0574,1.6109
2020-07-22,1.6871,1.0582,1.6289
2020-07-23,1.6884,1.0587,1.6297
2020-07-24,1.6423,1.0599,1.5824
2020-07-27,1.6456,1.0604,1.5852
2020-07-28,1.6423,1.06,1.5823
2020-07-29,1.6655,1.0593,1.6062
2020-07-30,1.6644,1.0587,1.6057
2020-07-31,1.6678,1.0583,1.6095
2020-08-03,1.7058,1.0584,1.6474
2020-08-04,1.7338,1.0586,1.6752
2020-08-05,1.7391,1.0585,1.6806
2020-08-06,1.7441,1.0583,1.6858
2020-08-07,1.7301,1.0578,1.6723
2020-08-10,1.719,1.0583,1.6607
2020-08-11,1.7174,1.0586,1.6588
2020-08-12,1.7057,1.0584,1.6473
2020-08-13,1.7094,1.0584,1.651
2020-08-14,1.7192,1.0588,1.6604
2020-08-17,1.7404,1.0594,1.681
2020-08-18,1.7432,1.0594,1.6838
2020-08-19,1.7315,1.0588,1.6727
2020-08-20,1.7257,1.0581,1.6676
2020-08-21,1.7371,1.0576,1.6795
2020-08-24,1.7219,1.0578,1.6641
2020-08-25,1.7012,1.0568,1.6444
2020-08-26,1.6934,1.056,1.6374
2020-08-27,1.6875,1.0557,1.6318
2020-08-28,1.7309,1.0547,1.6762
2020-08-31,1.7362,1.0554,1.6808
2020-09-01,1.7267,1.0556,1.6711
2020-09-02,1.7253,1.0548,1.6705
2020-09-03,1.7413,1.0544,1.6869
2020-09-04,1.7373,1.054,1.6833
2020-09-07,1.7378,1.0535,1.6843
2020-09-08,1.7306,1.0537,1.6769
2020-09-09,1.7265,1.0544,1.6721
2020-09-10,1.7184,1.0551,1.6633
2020-09-11,1.7222,1.0547,1.6675
2020-09-14,1.7337,1.0542,1.6795
2020-09-15,1.7293,1.0548,1.6745
2020-09-16,1.7085,1.0549,1.6536
2020-09-17,1.7071,1.0549,1.6522
2020-09-18,1.7316,1.055,1.6766
2020-09-21,1.7288,1.0555,1.6733
2020-09-22,1.7233,1.0561,1.6672
2020-09-23,1.7217,1.0562,1.6655
2020-09-24,1.7029,1.0563,1.6466
2020-09-25,1.6943,1.0559,1.6384
2020-09-28,1.6995,1.0559,1.6436
2020-09-29,1.6978,1.0558,1.642
2020-09-30,1.7054,1.0555,1.6499
2020-10-09,1.734,1.0555,1.6785
2020-10-12,1.7717,1.0553,1.7164
2020-10-13,1.7779,1.0554,1.7225
2020-10-14,1.7607,1.0551,1.7056
2020-10-15,1.7402,1.0549,1.6853
2020-10-16,1.7273,1.055,1.6723
2020-10-19,1.7197,1.0558,1.6639
2020-10-20,1.7196,1.056,1.6636
2020-10-21,1.7149,1.0564,1.6585
2020-10-22,1.7123,1.0576,1.6547
2020-10-23,1.6985,1.0574,1.6411
2020-10-26,1.7077,1.0577,1.65
2020-10-27,1.7242,1.058,1.6662
2020-10-28,1.7366,1.0582,1.6784
2020-10-29,1.7587,1.0584,1.7003
2020-10-30,1.773,1.0586,1.7144
2020-11-02,1.7995,1.0591,1.7404
2020-11-03,1.802,1.0595,1.7425
2020-11-04,1.8353,1.0598,1.7755
2020-11-05,1.8535,1.0601,1.7934
2020-11-06,1.8721,1.0599,1.8122
2020-11-09,1.9289,1.06,1.8689
2020-11-10,1.8989,1.0598,1.8391
2020-11-11,1.8833,1.0596,1.8237
2020-11-12,1.8721,1.0596,1.8125
2020-11-13,1.8506,1.0587,1.7919
2020-11-16,1.8743,1.059,1.8153
2020-11-17,1.8779,1.0586,1.8193
2020-11-18,1.8918,1.0578,1.834
2020-11-19,1.9038,1.0572,1.8466
2020-11-20,1.9089,1.0569,1.852
2020-11-23,1.9166,1.0579,1.8587
2020-11-24,1.898,1.0578,1.8402
2020-11-25,1.8691,1.0585,1.8106
2020-11-26,1.8718,1.0588,1.813
2020-11-27,1.898,1.0587,1.8393
2020-11-30,1.9096,1.0603,1.8493
2020-12-01,1.9354,1.0603,1.8751
2020-12-02,1.9664,1.06,1.9064
2020-12-03,1.9559,1.0602,1.8957
2020-12-04,1.9559,1.0607,1.8952
2020-12-07,1.971,1.0608,1.9102
2020-12-08,1.9689,1.0615,1.9074
2020-12-09,1.9895,1.0616,1.9279
2020-12-10,2.0335,1.0621,1.9714
2020-12-11,2.0721,1.0616,2.0105
2020-12-14,2.0485,1.0617,1.9868
2020-12-15,2.0394,1.0624,1.977
2020-12-16,2.0564,1.063,1.9934
2020-12-17,2.0655,1.063,2.0025
2020-12-18,2.1152,1.0631,2.0521
2020-12-21,2.202,1.0643,2.1377
2020-12-22,2.1998,1.0655,2.1343
2020-12-23,2.168,1.0659,2.1021
2020-12-24,2.1684,1.0655,2.1029
2020-12-25,2.1653,1.0662,2.0991
2020-12-28,2.1762,1.0671,2.1091
2020-12-29,2.1643,1.0676,2.0967
2020-12-30,2.1584,1.0682,2.0902
2020-12-31,2.1757,1.0683,2.1074
2021-01-04,2.2025,1.068,2.1345
2021-01-05,2.2387,1.0686,2.1701
2021-01-06,2.2446,1.0692,2.1754
2021-01-07,2.2546,1.0702,2.1844
2021-01-08,2.2619,1.0703,2.1916
2021-01-11,2.2545,1.0706,2.1839
2021-01-12,2.263,1.0713,2.1917
2021-01-13,2.2502,1.0723,2.1779
2021-01-14,2.2339,1.0729,2.161
2021-01-15,2.2454,1.0724,2.173
2021-01-18,2.2444,1.0722,2.1722
2021-01-19,2.2209,1.0718,2.1491
2021-01-20,2.2177,1.0721,2.1456
2021-01-21,2.2257,1.0727,2.153
2021-01-22,2.237,1.0731,2.1639
2021-01-25,2.2316,1.0734,2.1582
2021-01-26,2.2198,1.0725,2.1473
2021-01-27,2.2151,1.0723,2.1428
2021-01-28,2.189,1.0716,2.1174
2021-01-29,2.1682,1.0712,2.097
2021-02-01,2.1643,1.0717,2.0926
2021-02-02,2.1603,1.072,2.0883
2021-02-03,2.1629,1.0714,2.0915
2021-02-04,2.1614,1.0708,2.0906
2021-02-05,2.1599,1.0706,2.0893
2021-02-08,2.1621,1.0708,2.0913
2021-02-09,2.1738,1.0709,2.1029
2021-02-10,2.1842,1.0711,2.1131
2021-02-18,2.186,1.0706,2.1154
2021-02-19,2.1881,1.0711,2.117
2021-02-22,2.1851,1.0713,2.1138
2021-02-23,2.1784,1.0715,2.1069
2021-02-24,2.1642,1.0722,2.092
2021-02-25,2.1777,1.072,2.1057
2021-02-26,2.171,1.0718,2.0992
2021-03-01,2.1833,1.0727,2.1106
2021-03-02,2.1738,1.0731,2.1007
2021-03-03,2.2022,1.0731,2.1291
2021-03-04,2.1905,1.073,2.1175
2021-03-05,2.1807,1.0735,2.1072
2021-03-08,2.1749,1.0741,2.1008
2021-03-09,2.1619,1.0739,2.088
2021-03-10,2.1592,1.0742,2.085
2021-03-11,2.1632,1.0744,2.0888
2021-03-12,2.1684,1.0744,2.094
2021-03-15,2.1542,1.0744,2.0798
2021-03-16,2.1538,1.0748,2.079
2021-03-17,2.143,1.075,2.068
2021-03-18,2.148,1.0751,2.0729
2021-03-19,2.1356,1.0757,2.0599
2021-03-22,2.154,1.0762,2.0778
2021-03-23,2.151,1.0765,2.0745
2021-03-24,2.1464,1.0776,2.0688
2021-03-25,2.1512,1.0777,2.0735
2021-03-26,2.1584,1.0776,2.0808
2021-03-29,2.1712,1.0778,2.0934
2021-03-30,2.1736,1.0781,2.0955
2021-03-31,2.1688,1.0784,2.0904
2021-04-01,2.1727,1.0785,2.0942
2021-04-02,2.1831,1.0787,2.1044
2021-04-06,2.1948,1.0788,2.116
2021-04-07,2.1821,1.079,2.1031
2021-04-08,2.1751,1.079,2.0961
2021-04-09,2.1666,1.0794,2.0872
2021-04-12,2.1491,1.08,2.0691
2021-04-13,2.1586,1.0813,2.0773
2021-04-14,2.1686,1.0815,2.0871
2021-04-15,2.1623,1.0817,2.0806
2021-04-16,2.1731,1.082,2.0911
2021-04-19,2.1892,1.0826,2.1066
2021-04-20,2.1931,1.0833,2.1098
2021-04-21,2.1986,1.0836,2.115
2021-04-22,2.2048,1.0838,2.121
2021-04-23,2.2142,1.0839,2.1303
2021-04-26,2.2291,1.0831,2.146
2021-04-27,2.2387,1.0829,2.1558
2021-04-28,2.2252,1.0831,2.1421
2021-04-29,2.24,1.0831,2.1569
2021-04-30,2.2303,1.0836,2.1467
2021-05-06,2.2493,1.0844,2.1649
2021-05-07,2.2622,1.0847,2.1775
2021-05-10,2.2863,1.0853,2.201
2021-05-11,2.3082,1.0858,2.2224
2021-05-12,2.3129,1.0862,2.2267
2021-05-13,2.308,1.0861,2.2219
2021-05-14,2.3345,1.0864,2.2481
2021-05-17,2.3297,1.0865,2.2432
2021-05-18,2.3269,1.0865,2.2404
2021-05-19,2.3184,1.087,2.2314
2021-05-20,2.318,1.0878,2.2302
2021-05-21,2.3006,1.0889,2.2117
2021-05-24,2.2956,1.0891,2.2065
2021-05-25,2.3129,1.0892,2.2237
2021-05-26,2.3077,1.0897,2.218
2021-05-27,2.3086,1.0895,2.2191
2021-05-28,2.3002,1.0894,2.2108
2021-05-31,2.3103,1.0897,2.2206
2021-06-01,2.303,1.09,2.213
2021-06-02,2.2971,1.0897,2.2074
2021-06-03,2.2915,1.09,2.2015
2021-06-04,2.2761,1.0896,2.1865
2021-06-07,2.2739,1.0888,2.1851
2021-06-08,2.2711,1.0887,2.1824
2021-06-09,2.2658,1.0887,2.1771
2021-06-10,2.2674,1.0892,2.1782
2021-06-11,2.2765,1.0888,2.1877
2021-06-15,2.2545,1.089,2.1655
2021-06-16,2.2337,1.089,2.1447
2021-06-17,2.2316,1.0886,2.143
2021-06-18,2.2517,1.0886,2.1631
2021-06-21,2.2313,1.0893,2.142
2021-06-22,2.2194,1.0895,2.1299
2021-06-23,2.2344,1.0898,2.1446
2021-06-24,2.2431,1.0903,2.1528
2021-06-25,2.2637,1.0906,2.1731
2021-06-28,2.2411,1.0908,2.1503
2021-06-29,2.2242,1.0912,2.133
2021-06-30,2.2255,1.0917,2.1338
2021-07-01,2.2122,1.0919,2.1203
2021-07-02,2.1944,1.0922,2.1022
2021-07-05,2.1877,1.0927,2.095
2021-07-06,2.192,1.0929,2.0991
2021-07-07,2.2037,1.0937,2.11
2021-07-08,2.2103,1.0962,2.1141
2021-07-09,2.1966,1.0963,2.1003
2021-07-12,2.2137,1.0981,2.1156
2021-07-13,2.2172,1.0991,2.1181
2021-07-14,2.2235,1.1,2.1235
2021-07-15,2.23,1.0992,2.1308
2021-07-16,2.2344,1.0999,2.1345
2021-07-19,2.248,1.1003,2.1477
2021-07-20,2.2437,1.1008,2.1429
2021-07-21,2.2561,1.1016,2.1545
2021-07-22,2.238,1.102,2.136
2021-07-23,2.2448,1.1027,2.1421
2021-07-26,2.2164,1.1042,2.1122
2021-07-27,2.2072,1.1035,2.1037
2021-07-28,2.1957,1.1037,2.092
2021-07-29,2.2068,1.1043,2.1025
2021-07-30,2.2079,1.1057,2.1022
2021-08-02,2.1881,1.1072,2.0809
2021-08-03,2.1734,1.1071,2.0663
2021-08-04,2.1788,1.1069,2.0719
2021-08-05,2.184,1.108,2.076
2021-08-06,2.1794,1.1078,2.0716
2021-08-09,2.1985,1.1068,2.0917
2021-08-10,2.2105,1.1066,2.1039
2021-08-11,2.227,1.1062,2.1208
2021-08-12,2.2268,1.1067,2.1201
2021-08-13,2.219,1.1068,2.1122
2021-08-16,2.2246,1.1069,2.1177
2021-08-17,2.2037,1.1072,2.0965
2021-08-18,2.2114,1.108,2.1034
2021-08-19,2.2116,1.1085,2.1031
2021-08-20,2.2029,1.1086,2.0943
2021-08-23,2.2224,1.1085,2.1139
2021-08-24,2.2519,1.1086,2.1433
2021-08-25,2.2517,1.1092,2.1425
2021-08-26,2.2398,1.1084,2.1314
2021-08-27,2.2333,1.1085,2.1248
2021-08-30,2.2291,1.109,2.1201
2021-08-31,2.2315,1.109,2.1225
2021-09-01,2.2367,1.1099,2.1268
2021-09-02,2.2541,1.11,2.1441
2021-09-03,2.2587,1.1101,2.1486
2021-09-06,2.2828,1.1102,2.1726
2021-09-07,2.3249,1.1099,2.215
2021-09-08,2.3336,1.1098,2.2238
2021-09-09,2.3573,1.1097,2.2476
2021-09-10,2.3714,1.1095,2.2619
2021-09-13,2.3625,1.1096,2.2529
2021-09-14,2.3384,1.1091,2.2293
2021-09-15,2.337,1.1092,2.2278
2021-09-16,2.351,1.1091,2.2419
2021-09-17,2.3399,1.1093,2.2306
2021-09-22,2.3496,1.1103,2.2393
2021-09-23,2.3646,1.1103,2.2543
2021-09-24,2.3629,1.1102,2.2527
2021-09-27,2.3622,1.1101,2.2521
2021-09-28,2.3737,1.1098,2.2639
2021-09-29,2.3763,1.1099,2.2664
2021-09-30,2.3876,1.1102,2.2774
2021-10-08,2.4005,1.1101,2.2904
2021-10-11,2.405,1.1091,2.2959
2021-10-12,2.3987,1.1087,2.29
2021-10-13,2.4002,1.1085,2.2917
2021-10-14,2.3831,1.1086,2.2745
2021-10-15,2.3865,1.1083,2.2782
2021-10-18,2.3853,1.1068,2.2785
2021-10-19,2.4018,1.1065,2.2953
2021-10-20,2.3738,1.1069,2.2669
2021-10-21,2.3713,1.1077,2.2636
2021-10-22,2.377,1.1079,2.2691
2021-10-25,2.3777,1.1082,2.2695
2021-10-26,2.3818,1.1084,2.2734
2021-10-27,2.3466,1.1089,2.2377
2021-10-28,2.344,1.1092,2.2348
2021-10-29,2.3451,1.1097,2.2354
2021-11-01,2.367,1.1105,2.2565
2021-11-02,2.3991,1.1114,2.2877
2021-11-03,2.4076,1.1118,2.2958
2021-11-04,2.4228,1.1121,2.3107
2021-11-05,2.4243,1.1134,2.3109
2021-11-08,2.3992,1.114,2.2852
2021-11-09,2.3913,1.1139,2.2774
2021-11-10,2.4176,1.114,2.3036
2021-11-11,2.41,1.1136,2.2964
2021-11-12,2.4098,1.1135,2.2963
2021-11-15,2.417,1.1141,2.3029
2021-11-16,2.4124,1.1143,2.2981
2021-11-17,2.4195,1.1144,2.3051
2021-11-18,2.4165,1.1147,2.3018
2021-11-19,2.408,1.1146,2.2934
2021-11-22,2.382,1.1153,2.2667
2021-11-23,2.3535,1.1155,2.238
2021-11-24,2.3362,1.1162,2.22
2021-11-25,2.3195,1.1164,2.2031
2021-11-26,2.319,1.1174,2.2016
2021-11-29,2.3225,1.1176,2.2049
2021-11-30,2.3253,1.1175,2.2078
2021-12-01,2.3243,1.1177,2.2066
2021-12-02,2.3175,1.1175,2.2
2021-12-03,2.3325,1.1173,2.2152
2021-12-06,2.3242,1.1191,2.2051
2021-12-07,2.3117,1.119,2.1927
2021-12-08,2.3318,1.1189,2.2129
2021-12-09,2.3559,1.119,2.2369
2021-12-10,2.3544,1.119,2.2354
2021-12-13,2.3414,1.1192,2.2222
2021-12-14,2.3305,1.1196,2.2109
2021-12-15,2.3299,1.1199,2.21
2021-12-16,2.3334,1.1198,2.2136
2021-12-17,2.3153,1.1202,2.1951
2021-12-20,2.2995,1.12,2.1795
2021-12-21,2.3056,1.12,2.1856
2021-12-22,2.2986,1.1204,2.1782
2021-12-23,2.2996,1.1207,2.1789
2021-12-24,2.2973,1.1209,2.1764
2021-12-27,2.2915,1.1217,2.1698
2021-12-28,2.2982,1.1221,2.1761
2021-12-29,2.2854,1.1227,2.1627
2021-12-30,2.2902,1.1236,2.1666
2021-12-31,2.2938,1.1241,2.1697
2022-01-04,2.2862,1.1245,2.1617
2022-01-05,2.2683,1.1246,2.1437
2022-01-06,2.2507,1.1245,2.1262
2022-01-07,2.2549,1.1246,2.1303
2022-01-10,2.2547,1.1253,2.1294
2022-01-11,2.248,1.1258,2.1222
2022-01-12,2.2672,1.1264,2.1408
2022-01-13,2.2637,1.1268,2.1369
2022-01-14,2.2497,1.1271,2.1226
2022-01-17,2.2501,1.128,2.1221
2022-01-18,2.2551,1.1296,2.1255
2022-01-19,2.2643,1.1313,2.133
2022-01-20,2.2699,1.1319,2.138
2022-01-21,2.2614,1.1326,2.1288
2022-01-24,2.2647,1.1342,2.1305
2022-01-25,2.2351,1.1345,2.1006
2022-01-26,2.238,1.1337,2.1043
2022-01-27,2.2407,1.1334,2.1073
2022-01-28,2.234,1.1338,2.1002
2022-02-07,2.2562,1.1348,2.1214
2022-02-08,2.2474,1.135,2.1124
2022-02-09,2.2449,1.1349,2.11
2022-02-10,2.2534,1.1348,2.1186
2022-02-11,2.2457,1.1327,2.113
2022-02-14,2.2302,1.1327,2.0975
2022-02-15,2.2317,1.1323,2.0994
2022-02-16,2.2244,1.1322,2.0922
2022-02-17,2.2263,1.1326,2.0937
2022-02-18,2.2357,1.1324,2.1033
2022-02-21,2.2359,1.1317,2.1042
2022-02-22,2.2311,1.1309,2.1002
2022-02-23,2.2384,1.1308,2.1076
2022-02-24,2.2388,1.1313,2.1075
2022-02-25,2.2614,1.1312,2.1302
2022-02-28,2.2528,1.1317,2.1211
2022-03-01,2.2727,1.1313,2.1414
2022-03-02,2.285,1.1308,2.1542
2022-03-03,2.3007,1.1299,2.1708
2022-03-04,2.2919,1.1298,2.1621
2022-03-07,2.2871,1.13,2.1571
2022-03-08,2.2862,1.1303,2.1559
2022-03-09,2.2904,1.1299,2.1605
2022-03-10,2.2856,1.1294,2.1562
2022-03-11,2.267,1.1297,2.1373
2022-03-14,2.2486,1.132,2.1166
2022-03-15,2.2279,1.1306,2.0973
2022-03-16,2.2503,1.1303,2.12
2022-03-17,2.2551,1.1305,2.1246
2022-03-18,2.2555,1.1309,2.1246
2022-03-21,2.2434,1.1309,2.1125
2022-03-22,2.2447,1.1303,2.1144
2022-03-23,2.2451,1.1304,2.1147
2022-03-24,2.2514,1.1308,2.1206
2022-03-25,2.2384,1.1314,2.107
2022-03-28,2.2273,1.1318,2.0955
2022-03-29,2.2204,1.1319,2.0885
2022-03-30,2.2259,1.1325,2.0934
2022-03-31,2.2259,1.1327,2.0932
2022-04-01,2.2317,1.1333,2.0984
2022-04-06,2.2282,1.1347,2.0935
2022-04-07,2.2238,1.1355,2.0883
2022-04-08,2.2223,1.1359,2.0864
2022-04-11,2.2058,1.1362,2.0696
2022-04-12,2.2148,1.1361,2.0787
2022-04-13,2.2215,1.1363,2.0852
2022-04-14,2.2307,1.1371,2.0936
2022-04-15,2.2378,1.1374,2.1004
2022-04-18,2.2298,1.1365,2.0933
2022-04-19,2.2246,1.1367,2.0879
2022-04-20,2.2083,1.1364,2.0719
2022-04-21,2.2002,1.1366,2.0636
2022-04-22,2.1983,1.1367,2.0616
2022-04-25,2.1985,1.1376,2.0609
2022-04-26,2.2008,1.1379,2.0629
2022-04-27,2.2156,1.1377,2.0779
2022-04-28,2.2198,1.1375,2.0823
2022-04-29,2.2334,1.1378,2.0956
2022-05-05,2.2263,1.1387,2.0876
2022-05-06,2.211,1.139,2.072
2022-05-09,2.216,1.1395,2.0765
2022-05-10,2.2309,1.1404,2.0905
2022-05-11,2.2242,1.1405,2.0837
2022-05-12,2.2177,1.1406,2.0771
2022-05-13,2.2286,1.1409,2.0877
2022-05-16,2.2238,1.1413,2.0825
2022-05-17,2.2177,1.1418,2.0759
2022-05-18,2.2204,1.1425,2.0779
2022-05-19,2.2198,1.1431,2.0767
2022-05-20,2.2185,1.1429,2.0756
2022-05-23,2.2244,1.1435,2.0809
2022-05-24,2.2119,1.1439,2.068
2022-05-25,2.2192,1.1441,2.0751
2022-05-26,2.2206,1.1456,2.075
2022-05-27,2.2282,1.1457,2.0825
2022-05-30,2.2269,1.1456,2.0813
2022-05-31,2.2415,1.1445,2.097
2022-06-01,2.2298,1.1443,2.0855
2022-06-02,2.2384,1.1443,2.0941
2022-06-06,2.2605,1.144,2.1165
2022-06-07,2.2608,1.1437,2.1171
2022-06-08,2.2766,1.1437,2.1329
2022-06-09,2.2674,1.144,2.1234
2022-06-10,2.2839,1.1443,2.1396
2022-06-13,2.2545,1.1445,2.11
2022-06-14,2.2616,1.1441,2.1175
2022-06-15,2.2794,1.1441,2.1353
2022-06-16,2.2637,1.1443,2.1194
2022-06-17,2.2743,1.1449,2.1294
2022-06-20,2.2852,1.1447,2.1405
2022-06-21,2.2865,1.1446,2.1419
2022-06-22,2.2827,1.1448,2.1379
2022-06-23,2.2931,1.1449,2.1482
2022-06-24,2.2973,1.145,2.1523
2022-06-27,2.3042,1.144,2.1602
2022-06-28,2.3138,1.1439,2.1699
2022-06-29,2.2998,1.1439,2.1559
2022-06-30,2.3065,1.1446,2.1619
2022-07-01,2.3028,1.1447,2.1581
2022-07-04,2.3188,1.1442,2.1746
2022-07-05,2.3159,1.1442,2.1717
2022-07-06,2.3184,1.1442,2.1742
2022-07-07,2.3132,1.1443,2.1689
2022-07-08,2.3111,1.1446,2.1665
2022-07-11,2.3124,1.1454,2.167
2022-07-12,2.3115,1.1462,2.1653
2022-07-13,2.3195,1.1469,2.1726
2022-07-14,2.3201,1.1472,2.1729
2022-07-15,2.3368,1.1478,2.189
2022-07-18,2.3299,1.1485,2.1814
2022-07-19,2.3295,1.1485,2.181
2022-07-20,2.3368,1.1492,2.1876
2022-07-21,2.3339,1.15,2.1839
2022-07-22,2.3188,1.1498,2.169
2022-07-25,2.3069,1.1505,2.1564
2022-07-26,2.3216,1.1512,2.1704
2022-07-27,2.327,1.1516,2.1754
2022-07-28,2.3316,1.1515,2.1801
2022-07-29,2.3308,1.1524,2.1784
2022-08-01,2.3435,1.1537,2.1898
2022-08-02,2.3147,1.1545,2.1602
2022-08-03,2.3057,1.1551,2.1506
2022-08-04,2.3002,1.1559,2.1443
2022-08-05,2.3151,1.156,2.1591
2022-08-08,2.3126,1.1558,2.1568
2022-08-09,2.3128,1.1554,2.1574
2022-08-10,2.3197,1.1556,2.1641
2022-08-11,2.3343,1.1554,2.1789
2022-08-12,2.3331,1.1555,2.1776
2022-08-15,2.3289,1.1583,2.1706
2022-08-16,2.3328,1.1594,2.1734
2022-08-17,2.336,1.1595,2.1765
2022-08-18,2.3412,1.1605,2.1807
2022-08-19,2.3366,1.161,2.1756
2022-08-22,2.3318,1.1615,2.1703
2022-08-23,2.3316,1.1615,2.1701
2022-08-24,2.3155,1.1617,2.1538
2022-08-25,2.309,1.1607,2.1483
2022-08-26,2.3057,1.1602,2.1455
2022-08-29,2.2908,1.1608,2.13
2022-08-30,2.2931,1.1615,2.1316
2022-08-31,2.2779,1.1617,2.1162
2022-09-01,2.2752,1.1621,2.1131
2022-09-02,2.2931,1.1625,2.1306
2022-09-05,2.2777,1.1631,2.1146
2022-09-06,2.2808,1.1635,2.1173
2022-09-07,2.2871,1.1636,2.1235
2022-09-08,2.2777,1.1635,2.1142
2022-09-09,2.2706,1.1631,2.1075
2022-09-13,2.2687,1.1637,2.105
2022-09-14,2.2589,1.163,2.0959
2022-09-15,2.2248,1.1633,2.0615
2022-09-16,2.2236,1.1633,2.0603
2022-09-19,2.2139,1.1634,2.0505
2022-09-20,2.2196,1.1638,2.0558
2022-09-21,2.2275,1.1643,2.0632
2022-09-22,2.2148,1.1645,2.0503
2022-09-23,2.202,1.1643,2.0377
2022-09-26,2.2106,1.1632,2.0474
2022-09-27,2.2052,1.1633,2.0419
2022-09-28,2.201,1.1629,2.0381
2022-09-29,2.2008,1.1621,2.0387
2022-09-30,2.197,1.1619,2.0351
2022-10-10,2.1874,1.1636,2.0238
2022-10-11,2.1828,1.1634,2.0194
2022-10-12,2.1855,1.1637,2.0218
2022-10-13,2.1943,1.1642,2.0301
2022-10-14,2.1924,1.1651,2.0273
2022-10-17,2.1922,1.1652,2.027
2022-10-18,2.1983,1.1656,2.0327
2022-10-19,2.1985,1.1658,2.0327
2022-10-20,2.2029,1.1658,2.0371
2022-10-21,2.2014,1.1659,2.0355
2022-10-24,2.2087,1.1661,2.0426
2022-10-25,2.2238,1.1659,2.0579
2022-10-26,2.2236,1.1661,2.0575
2022-10-27,2.2321,1.1668,2.0653
2022-10-28,2.257,1.1674,2.0896
2022-10-31,2.2842,1.168,2.1162
2022-11-01,2.2743,1.1677,2.1066
2022-11-02,2.2626,1.1673,2.0953
2022-11-03,2.2574,1.1674,2.09
2022-11-04,2.238,1.1671,2.0709
2022-11-07,2.2405,1.1671,2.0734
2022-11-08,2.2457,1.167,2.0787
2022-11-09,2.2461,1.1669,2.0792
2022-11-10,2.2499,1.1665,2.0834
2022-11-11,2.2294,1.1653,2.0641
2022-11-14,2.2173,1.1613,2.056
2022-11-15,2.2148,1.1609,2.0539
2022-11-16,2.2142,1.1592,2.055
2022-11-17,2.216,1.1596,2.0564
2022-11-18,2.2208,1.1595,2.0613
2022-11-21,2.2204,1.1604,2.06
2022-11-22,2.2158,1.1604,2.0554
2022-11-23,2.2096,1.1613,2.0483
2022-11-24,2.22,1.1624,2.0576
2022-11-25,2.2125,1.1616,2.0509
2022-11-28,2.2156,1.161,2.0546
2022-11-29,2.2133,1.1596,2.0537
2022-11-30,2.2091,1.1595,2.0496
2022-12-01,2.2048,1.1595,2.0453
2022-12-02,2.2043,1.1598,2.0445
2022-12-05,2.1995,1.1595,2.04
2022-12-06,2.1968,1.1584,2.0384
2022-12-07,2.2004,1.1583,2.0421
2022-12-08,2.2075,1.1585,2.049
2022-12-09,2.2248,1.1579,2.0669
2022-12-12,2.2334,1.158,2.0754
2022-12-13,2.2277,1.1566,2.0711
2022-12-14,2.219,1.1573,2.0617
2022-12-15,2.2233,1.1576,2.0657
2022-12-16,2.2244,1.1575,2.0669
2022-12-19,2.2129,1.1587,2.0542
2022-12-20,2.2116,1.1589,2.0527
2022-12-21,2.2087,1.1589,2.0498
2022-12-22,2.1999,1.1594,2.0405
2022-12-23,2.1958,1.1602,2.0356
2022-12-26,2.1945,1.1604,2.0341
2022-12-27,2.1933,1.1599,2.0334
2022-12-28,2.1943,1.1598,2.0345
2022-12-29,2.1933,1.1608,2.0325
2022-12-30,2.2018,1.1614,2.0404
2023-01-03,2.1981,1.1623,2.0358
2023-01-04,2.1989,1.1632,2.0357
2023-01-05,2.2031,1.1635,2.0396
2023-01-06,2.206,1.163,2.043
2023-01-09,2.2045,1.1635,2.041
2023-01-10,2.2008,1.1631,2.0377
2023-01-11,2.1991,1.1631,2.036
2023-01-12,2.2068,1.1633,2.0435
2023-01-13,2.2219,1.1631,2.0588
2023-01-16,2.2179,1.1624,2.0555
2023-01-17,2.2077,1.1625,2.0452
2023-01-18,2.2123,1.1622,2.0501
2023-01-19,2.2261,1.1621,2.064
2023-01-20,2.2325,1.162,2.0705
2023-01-30,2.2353,1.1633,2.072
2023-01-31,2.2348,1.1636,2.0712
2023-02-01,2.2422,1.1636,2.0786
2023-02-02,2.2459,1.1638,2.0821
2023-02-03,2.2394,1.164,2.0754
2023-02-06,2.2319,1.1642,2.0677
2023-02-07,2.2271,1.1643,2.0628
2023-02-08,2.2248,1.1645,2.0603
2023-02-09,2.2307,1.1646,2.0661
2023-02-10,2.2305,1.1649,2.0656
2023-02-13,2.2332,1.1653,2.0679
2023-02-14,2.2317,1.1655,2.0662
2023-02-15,2.2317,1.1657,2.066
2023-02-16,2.2206,1.1659,2.0547
2023-02-17,2.2265,1.166,2.0605
2023-02-20,2.2259,1.1655,2.0604
2023-02-21,2.2238,1.1652,2.0586
2023-02-22,2.2277,1.1655,2.0622
2023-02-23,2.2185,1.1656,2.0529
2023-02-24,2.2125,1.1655,2.047
2023-02-27,2.2106,1.1658,2.0448
2023-02-28,2.2121,1.1658,2.0463
2023-03-01,2.2091,1.1661,2.043
2023-03-02,2.2016,1.1661,2.0355
2023-03-03,2.2033,1.1659,2.0374
2023-03-06,2.1889,1.167,2.0219
2023-03-07,2.1885,1.1674,2.0211
2023-03-08,2.1949,1.1677,2.0272
2023-03-09,2.2018,1.168,2.0338
2023-03-10,2.2236,1.1683,2.0553
2023-03-13,2.23,1.1688,2.0612
2023-03-14,2.2275,1.1691,2.0584
2023-03-15,2.2269,1.1691,2.0578
2023-03-16,2.2403,1.1692,2.0711
2023-03-17,2.2459,1.1698,2.0761
2023-03-20,2.2474,1.1709,2.0765
2023-03-21,2.2509,1.171,2.0799
2023-03-22,2.2472,1.1709,2.0763
2023-03-23,2.2518,1.1712,2.0806
2023-03-24,2.2626,1.1709,2.0917
2023-03-27,2.2551,1.1717,2.0834
2023-03-28,2.2386,1.1718,2.0668
2023-03-29,2.2388,1.1718,2.067
2023-03-30,2.239,1.1719,2.0671
2023-03-31,2.239,1.1722,2.0668
2023-04-03,2.2305,1.1726,2.0579
2023-04-04,2.2369,1.1727,2.0642
2023-04-06,2.2442,1.1728,2.0714
2023-04-07,2.2547,1.1734,2.0813
2023-04-10,2.2543,1.1735,2.0808
2023-04-11,2.2578,1.1742,2.0836
2023-04-12,2.261,1.1748,2.0862
2023-04-13,2.2641,1.1749,2.0892
2023-04-14,2.2603,1.175,2.0853
2023-04-17,2.2432,1.1751,2.0681
2023-04-18,2.23,1.1754,2.0546
2023-04-19,2.2213,1.1759,2.0454
2023-04-20,2.2319,1.1762,2.0557
2023-04-21,2.2351,1.1764,2.0587
2023-04-24,2.2474,1.1772,2.0702
2023-04-25,2.2382,1.1773,2.0609
2023-04-26,2.2472,1.1777,2.0695
2023-04-27,2.2484,1.1786,2.0698
2023-04-28,2.2666,1.1787,2.0879
2023-05-04,2.2771,1.1805,2.0966
2023-05-05,2.2835,1.1818,2.1017
2023-05-08,2.2555,1.1818,2.0737
2023-05-09,2.2438,1.1824,2.0614
2023-05-10,2.2509,1.1833,2.0676
2023-05-11,2.2649,1.1843,2.0806
2023-05-12,2.2783,1.1844,2.0939
2023-05-15,2.2681,1.1848,2.0833
2023-05-16,2.2645,1.1851,2.0794
2023-05-17,2.2656,1.185,2.0806
2023-05-18,2.2668,1.1849,2.0819
2023-05-19,2.3069,1.1852,2.1217
2023-05-22,2.3471,1.1858,2.1613
2023-05-23,2.3702,1.1868,2.1834
2023-05-24,2.3765,1.1867,2.1898
2023-05-25,2.3878,1.1864,2.2014
2023-05-26,2.3807,1.1862,2.1945
2023-05-29,2.3556,1.1865,2.1691
2023-05-30,2.3638,1.1869,2.1769
2023-05-31,2.4008,1.1872,2.2136
2023-06-01,2.3774,1.188,2.1894
2023-06-02,2.3466,1.1876,2.159
2023-06-05,2.3305,1.188,2.1425
2023-06-06,2.3335,1.1885,2.145
2023-06-07,2.3429,1.189,2.1539
2023-06-08,2.3372,1.1889,2.1483
2023-06-09,2.3368,1.1895,2.1473
2023-06-12,2.3322,1.19,2.1422
2023-06-13,2.331,1.1918,2.1392
2023-06-14,2.3071,1.1923,2.1148
2023-06-15,2.3074,1.1913,2.1161
2023-06-16,2.295,1.1906,2.1044
2023-06-19,2.3021,1.19,2.1121
2023-06-20,2.3078,1.1903,2.1175
2023-06-21,2.3007,1.1909,2.1098
2023-06-26,2.3165,1.1916,2.1249
2023-06-27,2.3055,1.1912,2.1143
2023-06-28,2.3063,1.1919,2.1144
2023-06-29,2.2923,1.1921,2.1002
2023-06-30,2.2691,1.1932,2.0759
2023-07-03,2.2716,1.1929,2.0787
2023-07-04,2.2676,1.1935,2.0741
2023-07-05,2.2631,1.1933,2.0698
2023-07-06,2.2597,1.1934,2.0663
2023-07-07,2.2334,1.194,2.0394
2023-07-10,2.216,1.1944,2.0216
2023-07-11,2.1908,1.1948,1.996
2023-07-12,2.1841,1.1949,1.9892
2023-07-13,2.1801,1.1952,1.9849
2023-07-14,2.1784,1.1954,1.983
2023-07-17,2.1866,1.196,1.9906
2023-07-18,2.1845,1.1964,1.9881
2023-07-19,2.1663,1.1966,1.9697
2023-07-20,2.1667,1.1967,1.97
2023-07-21,2.1586,1.1972,1.9614
2023-07-24,2.1515,1.198,1.9535
2023-07-25,2.1381,1.1959,1.9422
2023-07-26,2.131,1.1965,1.9345
2023-07-27,2.1166,1.1974,1.9192
2023-07-28,2.0886,1.1972,1.8914
2023-07-31,2.0714,1.197,1.8744
2023-08-01,2.0739,1.1975,1.8764
2023-08-02,2.0656,1.1978,1.8678
2023-08-03,2.0675,1.1983,1.8692
2023-08-04,2.0673,1.1984,1.8689
2023-08-07,2.0771,1.199,1.8781
2023-08-08,2.0723,1.1993,1.873
2023-08-09,2.0698,1.1996,1.8702
2023-08-10,2.071,1.1997,1.8713
2023-08-11,2.0729,1.1997,1.8732
2023-08-14,2.0798,1.2006,1.8792
2023-08-15,2.0898,1.2024,1.8874
2023-08-16,2.0879,1.2029,1.885
2023-08-17,2.0867,1.2032,1.8835
2023-08-18,2.0848,1.2037,1.8811
2023-08-21,2.0865,1.2046,1.8819
2023-08-22,2.0867,1.2047,1.882
2023-08-23,2.0861,1.2052,1.8809
2023-08-24,2.0842,1.2056,1.8786
2023-08-25,2.0852,1.2053,1.8799
2023-08-28,2.08,1.2047,1.8753
2023-08-29,2.0716,1.2043,1.8673
2023-08-30,2.0614,1.2049,1.8565
2023-08-31,2.0696,1.2053,1.8643
2023-09-01,2.0656,1.2045,1.8611
2023-09-04,2.0535,1.2032,1.8503
2023-09-05,2.0503,1.2032,1.8471
2023-09-06,2.0524,1.2021,1.8503
2023-09-07,2.047,1.2011,1.8459
2023-09-08,2.0372,1.2009,1.8363
2023-09-11,2.033,1.2008,1.8322
2023-09-12,2.0273,1.2012,1.8261
2023-09-13,2.0426,1.2014,1.8412
2023-09-14,2.0447,1.202,1.8427
2023-09-15,2.0476,1.2017,1.8459
2023-09-18,2.0328,1.2008,1.832
2023-09-19,2.0309,1.2008,1.8301
2023-09-20,2.0223,1.2008,1.8215
2023-09-21,2.0284,1.2011,1.8273
2023-09-22,2.0204,1.2005,1.8199
2023-09-25,2.0161,1.2005,1.8156
2023-09-26,2.0213,1.2002,1.8211
2023-09-27,2.0219,1.2001,1.8218
2023-09-28,2.0227,1.2014,1.8213
2023-10-09,2.0209,1.2021,1.8188
2023-10-10,2.0273,1.2012,1.8261
2023-10-11,2.0282,1.2004,1.8278
2023-10-12,2.0204,1.2003,1.8201
2023-10-13,2.0232,1.2006,1.8226
2023-10-16,2.0219,1.2009,1.821
2023-10-17,2.0196,1.2004,1.8192
2023-10-18,2.0244,1.2001,1.8243
2023-10-19,2.0445,1.1992,1.8453
2023-10-20,2.0424,1.1991,1.8433
2023-10-23,2.0503,1.1995,1.8508
2023-10-24,2.0397,1.1987,1.841
2023-10-25,2.0378,1.199,1.8388
2023-10-26,2.0372,1.1989,1.8383
2023-10-27,2.0232,1.1989,1.8243
2023-10-30,2.0246,1.1995,1.8251
2023-10-31,2.0284,1.2002,1.8282
2023-11-01,2.0399,1.1999,1.84
2023-11-02,2.0409,1.2006,1.8403
2023-11-03,2.0276,1.2006,1.827
2023-11-06,2.0196,1.2006,1.819
2023-11-07,2.0154,1.2008,1.8146
2023-11-08,2.0194,1.2012,1.8182
2023-11-09,2.0267,1.2014,1.8253
2023-11-10,2.0399,1.2014,1.8385
2023-11-13,2.0556,1.2021,1.8535
2023-11-14,2.0497,1.2022,1.8475
2023-11-15,2.043,1.2025,1.8405
2023-11-16,2.0334,1.2029,1.8305
2023-11-17,2.0443,1.2034,1.8409
2023-11-20,2.033,1.2038,1.8292
2023-11-21,2.0629,1.2038,1.8591
2023-11-22,2.0911,1.2037,1.8874
2023-11-23,2.1059,1.2028,1.9031
2023-11-24,2.0978,1.2033,1.8945
2023-11-27,2.117,1.2029,1.9141
2023-11-28,2.1063,1.2034,1.9029
2023-11-29,2.1047,1.2036,1.9011
2023-11-30,2.0961,1.2045,1.8916
2023-12-01,2.1132,1.2052,1.908
2023-12-04,2.1393,1.2053,1.934
2023-12-05,2.1715,1.2056,1.9659
2023-12-06,2.1676,1.2053,1.9623
2023-12-07,2.1816,1.2056,1.976
2023-12-08,2.1703,1.2056,1.9647
2023-12-11,2.1533,1.2066,1.9467
2023-12-12,2.1471,1.2065,1.9406
2023-12-13,2.1575,1.2079,1.9496
2023-12-14,2.1584,1.2081,1.9503
2023-12-15,2.1381,1.2091,1.929
2023-12-18,2.1387,1.21,1.9287
2023-12-19,2.1354,1.2102,1.9252
2023-12-20,2.1398,1.2107,1.9291
2023-12-21,2.1281,1.2118,1.9163
2023-12-22,2.1383,1.2126,1.9257
2023-12-25,2.1297,1.2142,1.9155
2023-12-26,2.1333,1.2152,1.9181
2023-12-27,2.1274,1.216,1.9114
2023-12-28,2.108,1.2166,1.8914
2023-12-29,2.107,1.2173,1.8897
2024-01-02,2.121,1.2172,1.9038
2024-01-03,2.1356,1.2171,1.9185
2024-01-04,2.1398,1.2178,1.922
2024-01-05,2.1642,1.2191,1.9451
2024-01-08,2.1891,1.2194,1.9697
2024-01-09,2.1956,1.2205,1.9751
2024-01-10,2.1951,1.2202,1.9749
2024-01-11,2.1874,1.2207,1.9667
2024-01-12,2.1793,1.2201,1.9592
2024-01-15,2.1774,1.2207,1.9567
2024-01-16,2.1648,1.2206,1.9442
2024-01-17,2.174,1.2215,1.9525
2024-01-18,2.1905,1.2222,1.9683
2024-01-19,2.173,1.223,1.95
2024-01-22,2.1836,1.2246,1.959
2024-01-23,2.1763,1.2243,1.952
2024-01-24,2.1602,1.2247,1.9355
2024-01-25,2.1414,1.2256,1.9158
2024-01-26,2.1477,1.2258,1.9219
2024-01-29,2.1692,1.2266,1.9426
2024-01-30,2.1807,1.229,1.9517
2024-01-31,2.1897,1.2309,1.9588
2024-02-01,2.1885,1.2306,1.9579
2024-02-02,2.2064,1.2309,1.9755
2024-02-05,2.2108,1.233,1.9778
2024-02-06,2.1847,1.2313,1.9534
2024-02-07,2.1776,1.2322,1.9454
2024-02-08,2.1694,1.2317,1.9377
2024-02-19,2.1699,1.233,1.9369
2024-02-20,2.1682,1.2339,1.9343
2024-02-21,2.1592,1.2343,1.9249
2024-02-22,2.1544,1.2352,1.9192
2024-02-23,2.1406,1.2358,1.9048
2024-02-26,2.1467,1.2364,1.9103
2024-02-27,2.1314,1.238,1.8934
2024-02-28,2.1224,1.2388,1.8836
2024-02-29,2.1268,1.2402,1.8866
2024-03-01,2.1143,1.238,1.8763
2024-03-04,2.1203,1.2395,1.8808
2024-03-05,2.1113,1.2402,1.8711
2024-03-06,2.1226,1.2419,1.8807
2024-03-07,2.1149,1.2428,1.8721
2024-03-08,2.1139,1.2423,1.8716
2024-03-11,2.1293,1.242,1.8873
2024-03-12,2.1304,1.2397,1.8907
2024-03-13,2.1268,1.2394,1.8874
2024-03-14,2.1619,1.2388,1.9231
2024-03-15,2.1874,1.2395,1.9479
2024-03-18,2.1976,1.2404,1.9572
2024-03-19,2.1742,1.2417,1.9325
2024-03-20,2.1579,1.2418,1.9161
2024-03-21,2.1621,1.2416,1.9205
2024-03-22,2.168,1.2412,1.9268
2024-03-25,2.1912,1.2409,1.9503
2024-03-26,2.2043,1.2411,1.9632
2024-03-27,2.2177,1.242,1.9757
2024-03-28,2.2328,1.2419,1.9909
2024-03-29,2.2514,1.2428,2.0086
2024-04-01,2.2689,1.242,2.0269
2024-04-02,2.2486,1.2431,2.0055
2024-04-03,2.2641,1.244,2.0201
2024-04-08,2.2911,1.2447,2.0464
2024-04-09,2.2852,1.2456,2.0396
2024-04-10,2.2787,1.2452,2.0335
2024-04-11,2.2766,1.2453,2.0313
2024-04-12,2.2967,1.2467,2.05
2024-04-15,2.3101,1.2471,2.063
2024-04-16,2.3053,1.2478,2.0575
2024-04-17,2.3163,1.2483,2.068
2024-04-18,2.3023,1.2499,2.0524
2024-04-19,2.3147,1.25,2.0647
2024-04-22,2.3071,1.2514,2.0557
2024-04-23,2.2846,1.2526,2.032
2024-04-24,2.2754,1.2518,2.0236
2024-04-25,2.2789,1.2521,2.0268
2024-04-26,2.2856,1.2498,2.0358
2024-04-29,2.2741,1.2464,2.0277
2024-04-30,2.2833,1.2492,2.0341
2024-05-06,2.2616,1.2494,2.0122
2024-05-07,2.2484,1.2497,1.9987
2024-05-08,2.2344,1.2496,1.9848
2024-05-09,2.2351,1.2487,1.9864
2024-05-10,2.252,1.2487,2.0033
2024-05-13,2.2576,1.2503,2.0073
2024-05-14,2.2656,1.2506,2.015
2024-05-15,2.2748,1.2509,2.0239
2024-05-16,2.2595,1.2503,2.0092
2024-05-17,2.2413,1.2502,1.9911
2024-05-20,2.2668,1.2506,2.0162
2024-05-21,2.2731,1.2502,2.0229
2024-05-22,2.2668,1.2507,2.0161
2024-05-23,2.2415,1.2515,1.99
2024-05-24,2.2213,1.2517,1.9696
2024-05-27,2.2211,1.2522,1.9689
2024-05-28,2.219,1.2527,1.9663
2024-05-29,2.2378,1.2532,1.9846
2024-05-30,2.2179,1.2534,1.9645
2024-05-31,2.2167,1.2534,1.9633
2024-06-03,2.2236,1.2544,1.9692
2024-06-04,2.2491,1.2546,1.9945
2024-06-05,2.2361,1.2553,1.9808
2024-06-06,2.2273,1.2558,1.9715
2024-06-07,2.2142,1.2563,1.9579
2024-06-11,2.215,1.2571,1.9579
2024-06-12,2.2162,1.2572,1.959
2024-06-13,2.2319,1.2576,1.9743
2024-06-14,2.2277,1.2585,1.9692
2024-06-17,2.2482,1.2593,1.9889
2024-06-18,2.2536,1.2603,1.9933
2024-06-19,2.2572,1.2611,1.9961
2024-06-20,2.2536,1.2617,1.9919
2024-06-21,2.2658,1.2612,2.0046
2024-06-24,2.2758,1.2617,2.0141
2024-06-25,2.28,1.2629,2.0171
2024-06-26,2.2624,1.263,1.9994
2024-06-27,2.2541,1.2641,1.99
2024-06-28,2.2536,1.2645,1.9891
2024-07-01,2.2445,1.2625,1.982
2024-07-02,2.2282,1.2639,1.9643
2024-07-03,2.2165,1.2649,1.9516
2024-07-04,2.2236,1.2649,1.9587
2024-07-05,2.2459,1.2645,1.9814
2024-07-08,2.2668,1.2625,2.0043
2024-07-09,2.2846,1.2638,2.0208
2024-07-10,2.3094,1.2641,2.0453
2024-07-11,2.3153,1.2646,2.0507
2024-07-12,2.3086,1.2653,2.0433
2024-07-15,2.3245,1.2661,2.0584
2024-07-16,2.3297,1.2661,2.0636
2024-07-17,2.322,1.2663,2.0557
2024-07-18,2.3326,1.2662,2.0664
2024-07-19,2.3082,1.2666,2.0416
2024-07-22,2.3115,1.2679,2.0436
2024-07-23,2.3374,1.2687,2.0687
2024-07-24,2.3448,1.2691,2.0757
2024-07-25,2.3817,1.27,2.1117
2024-07-26,2.3692,1.2711,2.0981
2024-07-29,2.4018,1.272,2.1298
2024-07-30,2.4363,1.273,2.1633
2024-07-31,2.4319,1.2739,2.158
2024-08-01,2.4175,1.2752,2.1423
2024-08-02,2.4237,1.276,2.1477
2024-08-05,2.4217,1.2783,2.1434
2024-08-06,2.4488,1.2769,2.1719
2024-08-07,2.4622,1.2782,2.184
2024-08-08,2.4691,1.2771,2.192
2024-08-09,2.4639,1.2756,2.1883
2024-08-12,2.4891,1.2721,2.217
2024-08-13,2.504,1.2734,2.2306
2024-08-14,2.5535,1.275,2.2785
2024-08-15,2.5435,1.2737,2.2698
2024-08-16,2.5357,1.2746,2.2611
2024-08-19,2.5395,1.2757,2.2638
2024-08-20,2.5357,1.2756,2.2601
2024-08-21,2.5144,1.2745,2.2399
2024-08-22,2.5197,1.2763,2.2434
2024-08-23,2.5431,1.2765,2.2666
2024-08-26,2.5343,1.2766,2.2577
2024-08-27,2.5169,1.2752,2.2417
2024-08-28,2.5046,1.276,2.2286
2024-08-29,2.5006,1.2758,2.2248
2024-08-30,2.4846,1.2757,2.2089
2024-09-02,2.532,1.2773,2.2547
2024-09-03,2.5644,1.2778,2.2866
2024-09-04,2.5913,1.2785,2.3128
2024-09-05,2.6057,1.2792,2.3265
2024-09-06,2.6172,1.2799,2.3373
2024-09-09,2.6329,1.2808,2.3521
2024-09-10,2.6254,1.2819,2.3435
2024-09-11,2.6378,1.2833,2.3545
2024-09-12,2.6142,1.2836,2.3306
2024-09-13,2.6163,1.2849,2.3314
2024-09-18,2.6409,1.2869,2.354
2024-09-19,2.6163,1.2864,2.3299
2024-09-20,2.6201,1.2874,2.3327
2024-09-23,2.6371,1.288,2.3491
2024-09-24,2.5793,1.2867,2.2926
2024-09-25,2.5371,1.2884,2.2487
2024-09-26,2.5349,1.2868,2.2481
2024-09-27,2.5113,1.2812,2.2301
2024-09-30,2.4994,1.2788,2.2206
2024-10-08,2.5512,1.2772,2.274
2024-10-09,2.5882,1.2766,2.3116
2024-10-10,2.601,1.2785,2.3225
2024-10-11,2.6256,1.2788,2.3468
2024-10-14,2.6003,1.2795,2.3208
2024-10-15,2.5815,1.2805,2.301
2024-10-16,2.5872,1.2806,2.3066
2024-10-17,2.6438,1.2819,2.3619
2024-10-18,2.6834,1.2817,2.4017
2024-10-21,2.6758,1.2823,2.3935
2024-10-22,2.665,1.2812,2.3838
2024-10-23,2.6588,1.2798,2.379
2024-10-24,2.6512,1.2797,2.3715
2024-10-25,2.6466,1.279,2.3676
2024-10-28,2.6342,1.2786,2.3556
2024-10-29,2.6371,1.2787,2.3584
2024-10-30,2.6407,1.2787,2.362
2024-10-31,2.6321,1.2789,2.3532
2024-11-01,2.6275,1.2806,2.3469
2024-11-04,2.6347,1.2814,2.3533
2024-11-05,2.6376,1.2823,2.3553
2024-11-06,2.6421,1.2825,2.3596
2024-11-07,2.6459,1.2834,2.3625
2024-11-08,2.639,1.2837,2.3553
2024-11-11,2.6867,1.2844,2.4023
2024-11-12,2.6772,1.2855,2.3917
2024-11-13,2.6598,1.2851,2.3747
2024-11-14,2.6581,1.2852,2.3729
2024-11-15,2.6841,1.2853,2.3988
2024-11-18,2.6829,1.284,2.3989
2024-11-19,2.671,1.2848,2.3862
2024-11-20,2.6707,1.2845,2.3862
2024-11-21,2.6557,1.2852,2.3705
2024-11-22,2.6691,1.2854,2.3837
2024-11-25,2.6571,1.2864,2.3707
2024-11-26,2.6562,1.2871,2.3691
2024-11-27,2.665,1.2877,2.3773
2024-11-28,2.6679,1.2888,2.3791
2024-11-29,2.6588,1.2904,2.3684
2024-12-02,2.6688,1.2943,2.3745
2024-12-03,2.6748,1.2941,2.3807
2024-12-04,2.7013,1.2962,2.4051
2024-12-05,2.7211,1.2969,2.4242
2024-12-06,2.7201,1.2969,2.4232
2024-12-09,2.7182,1.2979,2.4203
2024-12-10,2.6839,1.3041,2.3798
2024-12-11,2.6939,1.3042,2.3897
2024-12-12,2.6951,1.305,2.3901
2024-12-13,2.6958,1.3081,2.3877
2024-12-16,2.7034,1.3107,2.3927
2024-12-20,2.7414,1.3109,2.4305
2024-12-27,2.7142,1.3119,2.4023
2024-12-31,2.6965,1.3134,2.3831
2025-01-03,2.696,1.3196,2.3764
2025-01-10,2.7192,1.3174,2.4018
2025-01-17,2.6903,1.3174,2.3729
2025-01-24,2.6758,1.317,2.3588
2025-01-27,2.6724,1.3195,2.3529
2025-02-07,2.6884,1.3219,2.3665
2025-02-14,2.7175,1.3208,2.3967
2025-02-21,2.7099,1.3141,2.3958
2025-02-28,2.6526,1.3102,2.3424
2025-03-07,2.7182,1.3055,2.4127
2025-03-14,2.7653,1.3022,2.4631
2025-03-21,2.803,1.3024,2.5006
2025-03-28,2.76,1.3043,2.4557
2025-03-31,2.7827,1.3048,2.4779
2025-04-03,2.7882,1.3133,2.4749
2025-04-11,2.8306,1.3172,2.5134
2025-04-18,2.8736,1.3178,2.5558
2025-04-25,2.8953,1.3173,2.578
2025-04-30,2.9192,1.321,2.5982
2025-05-09,2.9614,1.3228,2.6386
2025-05-16,2.9326,1.3198,2.6128
2025-05-23,2.9579,1.3207,2.6372
2025-05-30,3.0653,1.3206,2.7447
2025-06-06,3.0526,1.3225,2.7301
2025-06-13,3.0498,1.3254,2.7244
2025-06-20,3.0058,1.3288,2.677
2025-06-27,2.9889,1.3281,2.6608
2025-06-30,2.9795,1.3276,2.6519
2025-07-04,2.9573,1.3302,2.6271
2025-07-11,2.9526,1.3289,2.6237
2025-07-18,2.937,1.3302,2.6068
2025-07-25,2.9229,1.3246,2.5983
